CategoriaProducto,SKU
Stationery,GGOEGOCA121499
Bags,GGOEGBRJ114199
Lifestyle,GGOEGBJC122399
Drinkware,GGOEGDHB107099
Apparel,GGOEGHPL107710
Apparel,GGOEYHBB102199
New,GGOEGDHJ116899
Accessories,GGOEGCBA096099
Bags,GGOEGBJJ099699
Drinkware,GGOEGDWD108799
Apparel,GGOEGAEB110914
Apparel,GGOEGAEB110916
Apparel,GGOEGHBJ101899
Apparel,GGOEGAEB103815
Writing Instruments,GGOEGOAH090199
Apparel,GGOEGAEB105210
Writing Instruments,GGOEGOAT090299
Google,GGOEGDHC098299
Drinkware,GGOEGDHQ093399
Accessories,GGOEGABJ125299
Apparel,GGOEGAEB110915
Google,GGOEGDHR098199
Bags,GGOEGBJJ103599
Uncategorized Items,GGOEGAAB118915
Apparel,GGOEGAEB103816
Lifestyle,GGOEGBRL124699
Office,GGOEGOLC014299
Apparel,GGOEGADJ108116
Uncategorized Items,GGOEGAAB118914
Office,GGOEYOAA101499
Drinkware,GGOEGDHB108899
Apparel,GGOEYAEA105610
Office,GGOEGOAA101199
Uncategorized Items,GGOEYAEB091816
Apparel,GGOEGAEB110016
Accessories,GGOEACBA116699
Apparel,GGOEYAEB120715
Nest-USA,GGOENEBJ079499
Uncategorized Items,GGOEGAEJ096417
Apparel,GGOEGAEB105310
Apparel,GGOEGAEB110014
Accessories,GGOEGHGH124899
Drinkware,GGOEGDWQ087699
Apparel,GGOEGAEJ103915
Accessories,GGOEGHGT124799
Apparel,GGOEGAEJ103914
Stationery,GGOEGOAJ101399
Apparel,GGOEGAEB103814
Office,GGOEGOAR013099
Apparel,GGOEGHPC120810
Apparel,GGOEGAEB110017
Lifestyle,GGOEGBRJ114199
Accessories,GGOEGCBA105099
Apparel,GGOEGAEJ091214
Uncategorized Items,GGOEGADB096214
Bags,GGOEGBJJ103699
Bags,GGOEGBJJ103799
Uncategorized Items,GGOEGADB096215
Accessories,GGOEYFKQ105899
Uncategorized Items,GGOEGAEJ096416
Bags,GGOEGBJB099799
Apparel,GGOEYDHB098499
Drinkware,GGOEGDNL108699
Office,GGOEGOAJ086399
Apparel,GGOEGAEB091116
Apparel,GGOEGAEB091115
Apparel,GGOEGHBB101799
Apparel,GGOEGADJ135214
Clearance,GGOEGAEQ090312
Clearance,GGOEGAEQ090315
Accessories,GGOEGABK101099
Apparel,GGOEYAEB120214
Apparel,GGOEGALB109914
Apparel,GGOEGALB109915
Apparel,GGOEGAEQ090314
Accessories,GGOEAKDA095999
Bags,GGOEGBJK099999
Apparel,GGOEGADB108315
Office,GGOEGOAQ101299
Apparel,GGOEGAEJ104014
Apparel,GGOEYAEB120716
Apparel,GGOEGAEB110913
Nest,GGOENEBQ097099
Apparel,GGOEAAEJ105510
Apparel,GGOEGHPB071610
Google,GGOEGFKQ020399
Uncategorized Items,GGOEYAEJ093717
Uncategorized Items,GGOEGHGR019499
Apparel,GGOEGAEB102314
Apparel,GGOEGAEQ090316
Apparel,GGOEYAEB091815
New,GGOEGDWC122799
Accessories,GGOEAFKA087599
Apparel,GGOEYHPB121110
Uncategorized Items,GGOEGADB096216
Uncategorized Items,GGOEGADB096217
Apparel,GGOEGHPJ094299
Uncategorized Items,GGOEYAEB091817
Clearance,GGOEGAER090413
Drinkware,GGOEADHB085999
New,GGOEGAED134810
Office,GGOEGGOA017399
Apparel,GGOEGADB108314
Apparel,GGOEYAEB120215
Apparel,GGOEGALB109917
Apparel,GGOEGAEB110015
Apparel,GGOEGAEL090815
Accessories,GGOEGHGJ124999
Apparel,GGOEGAEJ091218
Apparel,GGOEGAEB091118
Apparel,GGOEGAEJ091216
Accessories,GGOEGABJ099299
Bags,GGOEGBJC100199
New,GGOEABRB130499
Apparel,GGOEGAEC119815
Apparel,GGOEGALQ120014
Apparel,GGOEGAEC119315
Uncategorized Items,GGOEGAEJ096414
Apparel,GGOEGAEJ118217
Clearance,GGOEGAEQ090317
Apparel,GGOEGAEH110615
Clearance,GGOEGAEQ090314
Fun,GGOEGFSR022099
Apparel,GGOEGADC135014
Apparel,GGOEGAEB103813
Apparel,GGOEYAEB120713
Apparel,GGOEYAEB120714
Lifestyle,GGOEGBJJ099699
New,GGOEGDHB137399
Small Goods,GGOEGABJ125299
Apparel,GGOEGAEB110917
Accessories,GGOEAFKA087499
Nest-USA,GGOENEBQ078999
Apparel,GGOEGAXA123610
Apparel,GGOEGAEJ103916
Apparel,GGOEGAEQ117614
Apparel,GGOEGADB138315
Apparel,GGOEGADB138317
Accessories,GGOEGABL100799
Apparel,GGOEGADJ108017
Uncategorized Items,GGOEGHGC019799
Office,GGOEGOCJ093999
Lifestyle,GGOEAKDH019899
Bags,GGOEGBBD121899
Drinkware,GGOEADHQ098399
Apparel,GGOEYAEJ120315
Uncategorized Items,GGOEGAAB118918
Apparel,GGOEGALB109913
Apparel,GGOEGAEQ090313
Bags,GGOEGBJJ099499
Apparel,GGOEGAXB113613
Apparel,GGOEAAEB091712
Apparel,GGOEGAEB091114
Lifestyle,GGOEGHGC019799
Apparel,GGOEYAEB091816
New,GGOEGAEC134910
Stationery,GGOEGGOA017399
Apparel,GGOEGAYB113016
Apparel,GGOEGAEC119816
Apparel,GGOEGAEH119717
Accessories,GGOEGABJ099599
Apparel,GGOEGADH138118
Apparel,GGOEGAEH110814
Accessories,GGOEACBA104599
Apparel,GGOEGAEB103817
Uncategorized Items,GGOEGAEC090715
Office,GGOEYOCR125599
Accessories,GGOEAFBA115499
Electronics Accessories,GGOEGEBA101699
Notebooks & Journals,GGOEYOCB092699
Apparel,GGOEGAER110715
Apparel,GGOEGAEJ104015
Apparel,GGOEAAEB091717
Apparel,GGOEGAYB113714
Apparel,GGOEGAEB091112
Apparel,GGOEYAEB093813
Apparel,GGOEGAPJ138617
Uncategorized Items,GGOEGADJ108118
Uncategorized Items,GGOEGAEM104315
Apparel,GGOEGADB107913
Apparel,GGOEGADB107917
Apparel,GGOEGAPJ108215
Uncategorized Items,GGOEGADJ108114
Uncategorized Items,GGOEGADJ108115
Apparel,GGOEGALB109916
Uncategorized Items,GGOEGAAB118916
Apparel,GGOEGAEB102313
Apparel,GGOEGAEH090614
Apparel,GGOEGAEL090814
Apparel,GGOEGAEL090817
Apparel,GGOEGAEQ090315
Apparel,GGOEGAEJ117515
Apparel,GGOEGAEJ117516
Apparel,GGOEGAEJ091215
Apparel,GGOEGAEJ091217
Bags,GGOEGBJR100099
Apparel,GGOEGHPR118810
New,GGOEYDWB123299
Lifestyle,GGOEGDWQ123399
Small Goods,GGOEGCBA139199
Apparel,GGOEGADJ109515
Apparel,GGOEGADJ109513
Apparel,GGOEGADJ109518
New,GGOEGDWQ123399
Uncategorized Items,GGOEYAEB091812
Clearance,GGOEGAET090513
Apparel,GGOEYAEB091813
Apparel,GGOEGADJ137113
Apparel,GGOEGADJ137114
Apparel,GGOEGADJ137115
Apparel,GGOEGADJ137118
Apparel,GGOEGAPB138715
Office,GGOEGOAB086399
Apparel,GGOEYAEJ093717
Uncategorized Items,GGOEGAEC090713
Uncategorized Items,GGOEGAEC090716
Clearance,GGOEGAEL090815
Clearance,GGOEGAEQ090316
Clearance,GGOEGAER090415
Uncategorized Items,GGOEGAEJ103014
Apparel,GGOEGALQ120013
Apparel,GGOEGAEC119313
Apparel,GGOEGAEH119716
Apparel,GGOEGALQ120015
Apparel,GGOEGAEC119314
Apparel,GGOEGAEC119813
Apparel,GGOEGAAQ119915
Apparel,GGOEGAEH119714
Apparel,GGOEGAYB113013
Apparel,GGOEGAYB113015
Uncategorized Items,GGOEGAEM104313
Lifestyle,GGOEGHGR019499
Electronics,GGOEGEGC099099
Office,GGOEGFKQ020399
Lifestyle,GGOEGHGH019699
Apparel,GGOEGAXB113614
Accessories,GGOEGEBK094499
Uncategorized Items,GGOEGAEH104213
Apparel,GGOEGAEC119615
Apparel,GGOEAAER110113
Apparel,GGOEGAEB125315
Apparel,GGOEGAEB125316
Apparel,GGOEYAEB120216
Uncategorized Items,GGOEGAEB110018
Apparel,GGOEGAEB110013
Apparel,GGOEGAEB102315
Apparel,GGOEGAEB102316
Apparel,GGOEGAEC090714
Apparel,GGOEGAEC090717
Apparel,GGOEGAER090414
Lifestyle,GGOEYDWB123299
Shop by Brand,GGOEGBJQ125099
Apparel,GGOEGHPR107610
Apparel,GGOEGADJ109514
Apparel,GGOEGADJ109516
Apparel,GGOEGAEQ117613
Apparel,GGOEGAQB107814
Apparel,GGOEGAQB107816
Apparel,GGOEGAQB107817
Apparel,GGOEGAEJ104017
Clearance,GGOEGAEL090814
Clearance,GGOEGAEQ090313
Clearance,GGOEGAER090416
Clearance,GGOEGAER090417
Uncategorized Items,GGOEGAEC090717
Apparel,GGOEGAAR134515
Apparel,GGOEGAEB110918
Apparel,GGOEGAEJ103913
Apparel,GGOEGAEJ104013
Apparel,GGOEGAEJ104018
New,GGOEGDHJ136799
Accessories,GGOEGHGA118699
Headgear,GGOEGAPB087899
Office,GGOEGOAJ101399
Apparel,P12345
Apparel,GGOEGAEC126614
Campus Collection,GGOEGAEJ142815
Uncategorized Items,GGOEGAEC090718
Uncategorized Items,GGOEGAEJ104113
Lifestyle,GGOEGPJC019099
New,GGOEGDNQ138099
Accessories,GGOEGABB099199
Apparel,GGOEGADH134217
Uncategorized Items,GGOEGAEJ096418
Uncategorized Items,GGOEGAEM104314
Apparel,GGOEGAER110714
Apparel,GGOEAHBB102099
Office,GGOEGOAC121399
Uncategorized Items,GGOEGALJ091016
Clearance,GGOEGAET090516
Apparel,GGOEGAEJ104114
Uncategorized Items,GGOEGAEL091315
Uncategorized Items,GGOEGAEL091316
Apparel,GGOEGAEJ096416
Apparel,GGOEGAEL091312
Apparel,GGOEGAEL091315
Apparel,GGOEGAEL091316
Bags,GGOEGBJQ125099
Drinkware,GGOEADWJ108999
Office,GGOEGOCK100599
Apparel,GGOEGHPH107210
Apparel,GGOEGAEM104317
Apparel,GGOEAADB109715
Apparel,GGOEAADB109716
Apparel,GGOEGAEH119712
Apparel,GGOEGAYQ118013
Apparel,GGOEGAWB113546
Apparel,GGOEGAXB113351
Apparel,GGOEGAYB113014
Apparel,GGOEGAEC119814
Apparel,GGOEGAEH119715
Apparel,GGOEGAWB113545
Office,GGOEGOCL087799
Apparel,GGOEGAEQ117616
Uncategorized Items,GGOEGHGH019699
Notebooks & Journals,GGOEGOCL092999
Apparel,GGOEAAEB091716
Lifestyle,GGOEGDHQ093399
Small Goods,GGOEGCBA139299
Stationery,GGOEGOCJ093999
Apparel,GGOEGAEJ091212
Drinkware,GGOEYDHB086099
Accessories,GGOEAFBH111099
Apparel,GGOEGAEJ103415
Drinkware,GGOEGDHR086999
Apparel,GGOEAAEJ105410
Lifestyle,GGOEGFSR022099
Clearance,GGOEGAEL090818
Apparel,GGOEYAEB091814
Apparel,GGOEYALQ091915
Uncategorized Items,GGOEGAEC090714
Apparel,GGOEYAXQ089530
Apparel,GGOEAAEH111014
Apparel,GGOEAAEH111016
Apparel,GGOEAAEH111017
Apparel,GGOEGAEA125610
Shop by Brand,GGOEGPJC019099
Apparel,GGOEGAEC119317
Apparel,GGOEGADB108318
Apparel,GGOEGADB107918
Apparel,GGOEGADJ108014
Apparel,GGOEGAEB125313
Apparel,GGOEGALB125414
Apparel,GGOEGALB125415
Apparel,GGOEYAEB120213
Apparel,GGOEYAEJ120312
Apparel,GGOEYAEJ120316
Apparel,GGOEYAEJ120317
Apparel,GGOEGAEB102317
Apparel,GGOEGAEB110012
Apparel,GGOEGAEC090713
Apparel,GGOEGAEH090617
Apparel,GGOEGAEL090813
Apparel,GGOEGAEQ090317
Apparel,GGOEGAER090413
Apparel,GGOEGAER090415
Apparel,GGOEGALB102516
Apparel,GGOEGALB119014
Apparel,GGOEGALQ102613
Apparel,GGOEAAER110116
Apparel,GGOEAAER110118
Apparel,GGOEAAER110114
New,GGOEGDWP122699
New,GGOEYCBA128999
Apparel,GGOEGAEB091117
Apparel,GGOEGAEJ091213
Bags,GGOEGBBC122499
Clearance,GGOEGAEH090617
Apparel,GGOEGHBL101999
Accessories,GGOEAFBA115599
Lifestyle,GGOEGDHB108899
Small Goods,GGOEGCBR136499
Small Goods,GGOEGCVA125199
Apparel,GGOEGAEB119415
Apparel,GGOEGAEB119416
Apparel,GGOEGAPC109617
Drinkware,GGOEGDHL108599
Drinkware,GGOEADHH117199
Office,GGOEAOCB100699
Apparel,GGOEGAEH110812
Apparel,GGOEGAEH110813
Apparel,GGOEGAEH110816
Apparel,GGOEGAER110712
Apparel,GGOEGAER110713
Apparel,GGOEGAEJ104414
Apparel,GGOEGAEJ104417
Bags,GGOEGBJC122399
Uncategorized Items,GGOEGAEJ096412
Uncategorized Items,GGOEGAEJ096415
Apparel,GGOEGAEH104216
New,GGOEGDHG133099
Office,GGOEGOAQ121299
Apparel,GGOEAAEJ110217
Apparel,GGOEAAER110115
Apparel,GGOEAHPB121010
Lifestyle,GGOEGDWC122799
Apparel,GGOEGAXA123510
Bags,GGOEGBJB125799
Uncategorized Items,GGOEGAEH104215
Uncategorized Items,GGOEGAEM104317
Apparel,GGOEGAEJ104116
Apparel,GGOEGAEM104316
New,GGOEAHPL130910
Apparel,GGOEGHPB120910
Apparel,GGOEYAXQ089528
Apparel,GGOEGAEJ104012
Apparel,GGOEGAEJ104016
Uncategorized Items,GGOEGALQ102616
Apparel,GGOEGAEH110616
Apparel,GGOEGAEJ104117
Apparel,GGOEGAEJ104412
Apparel,GGOEGAER110516
Apparel,GGOEYAEB091817
Uncategorized Items,GGOEGAEJ103013
Uncategorized Items,GGOEGAEJ103017
Uncategorized Items,GGOEGAEJ104116
Uncategorized Items,GGOEGALQ102613
Office,GGOEYOCB100499
Apparel,GGOEAAEB091713
Apparel,GGOEAAEB091714
Apparel,GGOEAAEB091715
Apparel,GGOEGAAC134415
Apparel,GGOEGAAH134313
Apparel,GGOEGAAH134315
Apparel,GGOEGAAR134514
Apparel,GGOEGAAR134516
Apparel,GGOEGAEB103812
Apparel,GGOEGAYB113113
Apparel,GGOEGAYB113115
Apparel,GGOEYAXQ089529
Small Goods,GGOEGBJJ099499
Apparel,GGOEGAEJ103917
Apparel,GGOEGAEQ120115
Apparel,GGOEAAEL129714
Apparel,GGOEAAEL129715
Apparel,GGOEGAEJ117514
Apparel,GGOEGAEJ117517
Apparel,GGOEGAEM126414
Apparel,GGOEGAEQ117312
Apparel,GGOEGAEQ117315
Apparel,GGOEGAEQ117316
Apparel,GGOEGAEQ117612
Apparel,GGOEGAEJ103912
Apparel,GGOEYAWQ089749
Uncategorized Items,GGOEYAEB091818
Apparel,GGOEGHPR107110
New,GGOEAOAL129199
New,GGOEGCBR138899
Small Goods,GGOEACBA128899
Small Goods,GGOEAFBA115499
Small Goods,GGOEAFBA115599
Accessories,GGOEGABB100999
Lifestyle,GGOEGDHL116999
Lifestyle,GGOEYDHB098499
Writing Instruments,GGOEGOAR090099
Uncategorized Items,GGOEAALB091517
Apparel,GGOEGAEQ103114
Apparel,GGOEGAEQ103216
Uncategorized Items,GGOEGAEC090712
Uncategorized Items,GGOEGAEH104217
Uncategorized Items,GGOEGAEM104312
Stationery,GGOEGOAH124099
Drinkware,GGOEGDHC098799
Apparel,GGOEGAEC119316
Apparel,GGOEGAEC119817
Apparel,GGOEGAEH126718
Apparel,GGOEGAWB113547
Apparel,GGOEGAWB113552
Apparel,GGOEGAXB113328
Apparel,GGOEGAYQ118012
Apparel,GGOEGAYQ118014
Campus Collection,GGOEGAEJ140213
Apparel,GGOEAAEH119113
Apparel,GGOEAAEH119114
Apparel,GGOEAAEH119115
Apparel,GGOEAAEJ110212
Apparel,GGOEAAEJ119214
Apparel,GGOEAAEJ119215
Apparel,GGOEAAEJ119216
Apparel,GGOEAAER110112
Apparel,GGOEGAAQ119913
Apparel,GGOEGAAQ119914
Apparel,GGOEGAAQ119917
Apparel,GGOEGAEC119616
Apparel,GGOEGAEH119713
Apparel,GGOEGAXB113330
New-Office,GGOEGOCA121499
Accessories,GGOEGHGA118499
Apparel,GGOEGAPC109618
Apparel,GGOEGAXQ134628
Apparel,GGOEGAXQ134630
Apparel,GGOEGAYC135813
Apparel,GGOEGAYJ136014
New,GGOEADHB129299
Apparel,GGOEGAEJ103414
Apparel,GGOEGAEJ103417
Drinkware,GGOEGDHC087099
Drinkware,GGOEGDHH087299
Drinkware,GGOEGDHT087199
Accessories,GGOEGABC099399
New,GGOEYDHR117299
Apparel,GGOEAAXL129928
Apparel,GGOEAAXQ129828
Stationery,GGOEGOAC121399
Apparel,GGOEAALB091513
Apparel,GGOEAALB091515
Apparel,GGOEAAWL130145
Apparel,GGOEGAEB102312
Apparel,GGOEGAEB125314
Apparel,GGOEGAEQ103115
Apparel,GGOEGAEQ103116
Apparel,GGOEGAEQ103213
Apparel,GGOEGALB125416
Apparel,GGOEYAEB120217
Apparel,GGOEYAEB120218
Apparel,GGOEYAEJ120314
Lifestyle,GGOEGBJB125799
Uncategorized Items,GGOEAALB091515
Uncategorized Items,GGOEGAAB118917
Uncategorized Items,GGOEGAEM104316
Uncategorized Items,GGOEYALQ091915
Apparel,GGOEGAEC090716
Apparel,GGOEGAEH090613
Apparel,GGOEGAEH090616
Apparel,GGOEGAEJ103014
Apparel,GGOEGAEJ103015
Apparel,GGOEGAEL090818
Apparel,GGOEGAER090418
Apparel,GGOEGAET090512
Apparel,GGOEGAET090514
Apparel,GGOEGALB119016
Apparel,GGOEGALJ091015
Apparel,GGOEGALQ102614
Apparel,GGOEGALQ102615
Apparel,GGOEGALQ102616
Apparel,GGOEYAEB091812
Apparel,GGOEYAEB120212
Apparel,GGOEYAEJ120313
Apparel,GGOEYALQ091914
Drinkware,GGOEADHB098899
Uncategorized Items,GGOEGAAB118912
Uncategorized Items,GGOEGAAB118913
Uncategorized Items,GGOEGAEJ103015
Uncategorized Items,GGOEGALJ091015
Clearance-Apparel,GGOEGHPJ107510
Apparel,GGOEGAEQ117313
Apparel,GGOEGAEQ117413
Apparel,GGOEGAEQ117414
Apparel,GGOEGAEH126716
New,GGOEAHPJ131210
New,GGOEGABB137799
New,GGOEGAEJ135510
Office,GGOEGOLA127499
Apparel,GGOEAAEJ110216
Headgear,GGOEGAPL087999
More Bags,GGOEGABJ099599
Apparel,GGOEYAXQ089555
Drinkware,GGOEADHB086299
Office,GGOEGOCA121699
Accessories,GGOEGHGA118599
Apparel,GGOEGAYC117814
Apparel,GGOEAAEB091718
Lifestyle,GGOEGDNL108699
Apparel,GGOEGAEH104213
New,GGOEGOAC123799
Stationery,GGOEGOAP123999
Uncategorized Items,GGOEAAYJ106424
Apparel,GGOEAAEH110315
Apparel,GGOEAAEH110318
Apparel,GGOEAAEJ110215
Apparel,GGOEAAYC112913
Drinkware,GGOEGDWH127899
New,GGOEADWJ129399
Lifestyle,GGOEGBBC122499
New,GGOEAHPL131010
Small Goods,GGOEGCBA105099
New-Accessories,GGOEACBA116699
New-Apparel,GGOEGHPB120910
New-Apparel,GGOEYHPB121110
Notebooks & Journals,GGOEAOCB092799
Accessories,GGOEACBA104999
New,GGOEGOAR124299
Stationery,GGOEGOAC123799
Stationery,GGOEGOAN123899
Apparel,GGOEYAWQ089748
Clearance,GGOEGAEH090612
Apparel,GGOEGAEH104212
Apparel,GGOEGAEH104215
Apparel,GGOEGAEH110613
Apparel,GGOEGAEH110614
Apparel,GGOEGAEJ104118
Apparel,GGOEGAEJ104413
Apparel,GGOEGAEJ104415
Apparel,GGOEGAEM104313
Apparel,GGOEGAEM104315
Apparel,GGOEGAEQ103215
Apparel,GGOEGAER110512
Apparel,GGOEGAER110513
Apparel,GGOEGAER110515
Clearance,GGOEGAEH090613
Clearance,GGOEGAEH090614
Clearance,GGOEGAEH090615
Clearance,GGOEGAEH090616
Clearance,GGOEGAEL090813
Clearance,GGOEGAEL090816
Clearance,GGOEGAET090514
Clearance,GGOEGAET090515
Clearance,GGOEGAET090517
Uncategorized Items,GGOEGAEJ103016
Uncategorized Items,GGOEGAEJ104115
Uncategorized Items,GGOEGAEJ104412
Uncategorized Items,GGOEGALQ102614
Uncategorized Items,GGOEGALQ102615
Uncategorized Items,GGOEYAEB091813
New,GGOEAFKQ130699
Shopping and Totes,GGOEGBJD122299
Accessories,GGOEGFKA086699
Apparel,GGOEGAAQ117715
Apparel,GGOEGAEQ117415
New,GGOEGOAH124099
New,GGOEGOAP123999
New-Office,GGOEGOAQ121299
Apparel,GGOEGAYC117812
Apparel,GGOEGAYR118712
Bags,GGOEGBJD122299
Lifestyle,GGOEGBJD122299
Stationery,GGOEGOCA121799
Bags,GGOEGBBD122099
Shopping and Totes,GGOEGBJK099999
Waze,GGOEWFKA083099
Apparel,GGOEAAER110117
Apparel,GGOEAAYC112915
Apparel,GGOEAAYC112916
Apparel,GGOEAAYQ112715
New,GGOEGOAN123899
Stationery,GGOEGOAQ121299
Apparel,GGCOGAEC100617
Lifestyle,GGOEGBJR100099
New,GGOEGCKJ132999
New,GGOEGOCB131799
Stationery,GGOEYOAA101499
Fun,GGOEAKDH019899
Writing Instruments,GGOEGOAC089999
New,GGOEGCBC136599
Office,GGOEGOCC100299
Apparel,GGOEAAEQ091617
Apparel,GGOEGAEB102318
Apparel,GGOEGAEQ103217
Clearance,GGOEGAER090412
Clearance,GGOEGAET090512
Uncategorized Items,GGOEGAEH104212
Uncategorized Items,GGOEGAEH104214
Uncategorized Items,GGOEGAEJ103012
Uncategorized Items,GGOEGAEJ104112
Uncategorized Items,GGOEGAEQ103114
Uncategorized Items,GGOEYALQ091916
Uncategorized Items,GGOEYALQ091917
New,GGOEGDBJ132299
New,GGOEGDBJ132399
Stationery,GGOEGOAH124199
Stationery,GGOEGOAR124299
Small Goods,GGOEGABB137799
Small Goods,GGOEGCBA139099
Stationery,GGOEGOAB131499
Apparel,GGOEGAXL089428
Apparel,GGOEGAXL089429
Apparel,GGOEGAXP089328
Apparel,GGOEGAXP089329
Bags,GGOEABJK099899
More Bags,GGOEGBJJ099499
Waze,GGOEWALJ083413
Small Goods,GGOEGAKA126399
New,GGOEGOAH124199
Lifestyle,GGOEGBBJ131999
New,GGOEGBBJ131999
New,GGOEYCBR138999
Accessories,GGOEACBA104699
Accessories,GGOEACBA104799
Accessories,GGOEACBA104899
New-Drinkware,GGOEYDHR117299
Apparel,GGOEYAWQ089750
Waze,GGOEWFKA082999
Accessories,GGOEGCBQ098999
Uncategorized Items,GGOEGAEQ103112
Waze,GGOEWFKA083299
Bags,GGOEGBBD121999
Lifestyle,GGOEGBJC100199
New,GGOEGOAB131499
New,GGOEGOAD131399
New,GGOEGOAH131599
Stationery,GGOEGOAD131399
Accessories,GGOEGEGC099099
Waze,GGOEWALJ082714
Waze,GGOEWALJ082715
New,GGOEGCKA126299
New-Office,GGOEGOAC121399
Small Goods,GGOEGHGJ124999
Small Goods,GGOEGHGT124799
Campus Collection,GGOEGCKB140599
New,GGOEGCBH136399
New,GGOEGCBR136499
New,GGOEGCBT136699
Small Goods,GGOEGBGJ132699
Small Goods,GGOEGCBC136599
Stationery,GGOEWFKA082999
Waze,GGOEWFKA083199
Office,GGOEGFKQ020799
Shop by Brand,GGOEGCKA126299
Office,GGOEAFKQ020499
New-Office,GGOEGOAN123899
Stationery,GGOEGOAQ101299
New,GGOEAFKQ130599
Accessories/,GGOEACBA128899
Accessories/,GGOEACBA129599
Accessories/,GGOEGBJJ099499
Accessories/,GGOEGCBA139199
Accessories/,GGOEGCBH136399
Accessories/,GGOEGCBR138899
Accessories/,GGOEGFSR022099
Accessories/,GGOEGHGA118499
Accessories/,GGOEGHGA118699
Backpacks/,GGOEABRB130499
Backpacks/,GGOEGBJJ099699
Backpacks/,GGOEGBJJ103699
Backpacks/,GGOEGBRJ114199
Fun/,GGOEGEBK094499
Home/Accessories/,GGOEACBA104599
Home/Accessories/,GGOEACBA104699
Home/Accessories/,GGOEACBA104799
Home/Accessories/,GGOEACBA104899
Home/Accessories/,GGOEACBA104999
Home/Accessories/,GGOEACBA116699
Home/Accessories/,GGOEACBA128899
Home/Accessories/,GGOEAEGH100899
Home/Accessories/,GGOEAFBA115299
Home/Accessories/,GGOEAFBA115399
Home/Accessories/,GGOEAFBA115499
Home/Accessories/,GGOEAFDH105799
Home/Accessories/,GGOEAFKA087499
Home/Accessories/,GGOEAFKA087599
Home/Accessories/,GGOEAFKQ020499
Home/Accessories/,GGOEAKDH019899
Home/Accessories/,GGOEGABB099199
Home/Accessories/,GGOEGABK101099
Home/Accessories/,GGOEGABL100799
Home/Accessories/,GGOEGBJJ099499
Home/Accessories/,GGOEGCBA105099
Home/Accessories/,GGOEGCBA128699
Home/Accessories/,GGOEGCBQ098999
Home/Accessories/,GGOEGCKA126299
Home/Accessories/,GGOEGCKJ132999
Home/Accessories/,GGOEGEBA101699
Home/Accessories/,GGOEGEBK094499
Home/Accessories/,GGOEGFKQ020399
Home/Accessories/,GGOEGFSR022099
Home/Accessories/,GGOEGHGA118499
Home/Accessories/,GGOEGHGA118699
Home/Accessories/,GGOEGHGH124899
Home/Accessories/,GGOEGHGT124799
Home/Accessories/,GGOEGPJC019099
Home/Accessories/,GGOEWFKA082999
Home/Accessories/,GGOEWFKA083099
Home/Accessories/,GGOEWFKA083199
Home/Accessories/,GGOEYCBA128999
Home/Accessories/,GGOEYFKQ105899
Home/Accessories/Electronic Accessories/,GGOEAEGH100899
Home/Accessories/Electronic Accessories/,GGOEGABB099199
Home/Accessories/Electronic Accessories/,GGOEGABB100999
Home/Accessories/Electronic Accessories/,GGOEGABC099399
Home/Accessories/Electronic Accessories/,GGOEGABJ099599
Home/Accessories/Electronic Accessories/,GGOEGABK101099
Home/Accessories/Electronic Accessories/,GGOEGABL100799
Home/Accessories/Electronic Accessories/,GGOEGBJJ099499
Home/Accessories/Electronic Accessories/,GGOEGEBA101699
Home/Accessories/Electronic Accessories/,GGOEGEGC099099
Home/Accessories/Fun/,GGOEACBA104699
Home/Accessories/Fun/,GGOEACBA104799
Home/Accessories/Fun/,GGOEACBA104899
Home/Accessories/Fun/,GGOEACBA104999
Home/Accessories/Fun/,GGOEACBA116699
Home/Accessories/Fun/,GGOEAFBA115299
Home/Accessories/Fun/,GGOEAFBA115399
Home/Accessories/Fun/,GGOEAFBA115499
Home/Accessories/Fun/,GGOEAFBA115599
Home/Accessories/Fun/,GGOEAFDH105799
Home/Accessories/Fun/,GGOEAKDA095999
Home/Accessories/Fun/,GGOEAKDH019899
Home/Accessories/Fun/,GGOEGABJ099299
Home/Accessories/Fun/,GGOEGCBA096099
Home/Accessories/Fun/,GGOEGCBA105099
Home/Accessories/Fun/,GGOEGCBA128699
Home/Accessories/Fun/,GGOEGCBQ098999
Home/Accessories/Fun/,GGOEGEBK094499
Home/Accessories/Fun/,GGOEGFSR022099
Home/Accessories/Fun/,GGOEGHGA118599
Home/Accessories/Fun/,GGOEGPJC019099
Home/Accessories/Stickers & Decals/,GGOEACBA104599
Home/Accessories/Stickers & Decals/,GGOEAFKA087499
Home/Accessories/Stickers & Decals/,GGOEAFKA087599
Home/Accessories/Stickers & Decals/,GGOEAFKQ020499
Home/Accessories/Stickers & Decals/,GGOEAFKQ130599
Home/Accessories/Stickers & Decals/,GGOEAFKQ130699
Home/Accessories/Stickers & Decals/,GGOEGCKA126299
Home/Accessories/Stickers & Decals/,GGOEGFKA086699
Home/Accessories/Stickers & Decals/,GGOEGFKQ020399
Home/Accessories/Stickers & Decals/,GGOEGFKQ020799
Home/Accessories/Stickers & Decals/,GGOEWFKA082999
Home/Accessories/Stickers & Decals/,GGOEWFKA083099
Home/Accessories/Stickers & Decals/,GGOEWFKA083199
Home/Accessories/Stickers & Decals/,GGOEWFKA083299
Home/Accessories/Stickers & Decals/,GGOEYFKQ105899
Home/Apparel/,GGOEAAEJ105410
Home/Apparel/,GGOEAAEJ105510
Home/Apparel/,GGOEAAKQ137410
Home/Apparel/,GGOEAALB103916
Home/Apparel/,GGOEAHBB102099
Home/Apparel/,GGOEAHPB121010
Home/Apparel/,GGOEAHPB131110
Home/Apparel/,GGOEAHPL130910
Home/Apparel/,GGOEAHPL131010
Home/Apparel/,GGOEAXXX1062
Home/Apparel/,GGOEAXXX1064
Home/Apparel/,GGOEAXXX1191
Home/Apparel/,GGOEAXXX1297
Home/Apparel/,GGOEGAEA125610
Home/Apparel/,GGOEGAEB105210
Home/Apparel/,GGOEGAEB105310
Home/Apparel/,GGOEGAEC134910
Home/Apparel/,GGOEGAED134810
Home/Apparel/,GGOEGAEJ118217
Home/Apparel/,GGOEGAEJ135510
Home/Apparel/,GGOEGAMC088199
Home/Apparel/,GGOEGAMQ088099
Home/Apparel/,GGOEGAMR088499
Home/Apparel/,GGOEGAPB087899
Home/Apparel/,GGOEGAPL087999
Home/Apparel/,GGOEGAXA123510
Home/Apparel/,GGOEGAXA123610
Home/Apparel/,GGOEGAXN139410
Home/Apparel/,GGOEGHBB101799
Home/Apparel/,GGOEGHBJ101899
Home/Apparel/,GGOEGHBL101999
Home/Apparel/,GGOEGHPB071610
Home/Apparel/,GGOEGHPB120910
Home/Apparel/,GGOEGHPC120810
Home/Apparel/,GGOEGHPH107210
Home/Apparel/,GGOEGHPJ094299
Home/Apparel/,GGOEGHPJ107510
Home/Apparel/,GGOEGHPL107710
Home/Apparel/,GGOEGHPR107110
Home/Apparel/,GGOEGHPR107610
Home/Apparel/,GGOEGHPR118810
Home/Apparel/,GGOEGXXX0911
Home/Apparel/,GGOEGXXX0918
Home/Apparel/,GGOEGXXX0919
Home/Apparel/,GGOEGXXX1040
Home/Apparel/,GGOEGXXX1043
Home/Apparel/,GGOEYAEA105610
Home/Apparel/,GGOEYHBB102199
Home/Apparel/,GGOEYHPB121110
Home/Apparel/,GGOEYXXX0895
Home/Apparel/,GGOEYXXX0897
Home/Apparel/,GGOEYXXX1202
Home/Apparel/,GGOEYXXX1203
Home/Apparel/,GGOEYXXX1207
Home/Apparel/Hats/,GGOEAHPB121010
Home/Apparel/Hats/,GGOEAHPB131110
Home/Apparel/Hats/,GGOEAHPJ131210
Home/Apparel/Hats/,GGOEAHPL130910
Home/Apparel/Hats/,GGOEAHPL131010
Home/Apparel/Hats/,GGOEGAEC134910
Home/Apparel/Hats/,GGOEGAED134810
Home/Apparel/Hats/,GGOEGAEJ135510
Home/Apparel/Hats/,GGOEGHBB101799
Home/Apparel/Hats/,GGOEGHBJ101899
Home/Apparel/Hats/,GGOEGHPB120910
Home/Apparel/Hats/,GGOEGHPC120810
Home/Apparel/Hats/,GGOEGHPJ094299
Home/Apparel/Hats/,GGOEGHPL107710
Home/Apparel/Hats/,GGOEGHPR118810
Home/Apparel/Hats/,GGOEYHBB102199
Home/Apparel/Hats/,GGOEYHPB121110
Home/Apparel/Headgear/,GGOEAHBB102099
Home/Apparel/Headgear/,GGOEAHPB121010
Home/Apparel/Headgear/,GGOEGAEJ135510
Home/Apparel/Headgear/,GGOEGAPB087899
Home/Apparel/Headgear/,GGOEGAPL087999
Home/Apparel/Headgear/,GGOEGHBB101799
Home/Apparel/Headgear/,GGOEGHBJ101899
Home/Apparel/Headgear/,GGOEGHBL101999
Home/Apparel/Headgear/,GGOEGHPB071610
Home/Apparel/Headgear/,GGOEGHPB120910
Home/Apparel/Headgear/,GGOEGHPC120810
Home/Apparel/Headgear/,GGOEGHPH107210
Home/Apparel/Headgear/,GGOEGHPJ094299
Home/Apparel/Headgear/,GGOEGHPJ107510
Home/Apparel/Headgear/,GGOEGHPL107710
Home/Apparel/Headgear/,GGOEGHPR107110
Home/Apparel/Headgear/,GGOEGHPR107610
Home/Apparel/Headgear/,GGOEGHPR118810
Home/Apparel/Headgear/,GGOEYHBB102199
Home/Apparel/Headgear/,GGOEYHPB121110
Home/Apparel/Kid's/,GGOEAXXX1064
Home/Apparel/Kid's/,GGOEAXXX1065
Home/Apparel/Kid's/,GGOEAXXX1127
Home/Apparel/Kid's/,GGOEAXXX1128
Home/Apparel/Kid's/,GGOEAXXX1129
Home/Apparel/Kid's/,GGOEAXXX1132
Home/Apparel/Kid's/,GGOEGAMC088199
Home/Apparel/Kid's/,GGOEGAMC088399
Home/Apparel/Kid's/,GGOEGAMQ088099
Home/Apparel/Kid's/,GGOEGAMR088499
Home/Apparel/Kid's/,GGOEGAWJ088748
Home/Apparel/Kid's/,GGOEGAWJ088753
Home/Apparel/Kid's/,GGOEGXXX0885
Home/Apparel/Kid's/,GGOEGXXX0886
Home/Apparel/Kid's/,GGOEGXXX0887
Home/Apparel/Kid's/,GGOEGXXX0889
Home/Apparel/Kid's/,GGOEGXXX0890
Home/Apparel/Kid's/,GGOEGXXX0891
Home/Apparel/Kid's/,GGOEGXXX0892
Home/Apparel/Kid's/,GGOEGXXX0893
Home/Apparel/Kid's/,GGOEGXXX0894
Home/Apparel/Kid's/,GGOEGXXX1130
Home/Apparel/Kid's/,GGOEGXXX1131
Home/Apparel/Kid's/,GGOEGXXX1133
Home/Apparel/Kid's/,GGOEGXXX1135
Home/Apparel/Kid's/,GGOEGXXX1136
Home/Apparel/Kid's/,GGOEGXXX1137
Home/Apparel/Kid's/,GGOEGXXX1167
Home/Apparel/Kid's/,GGOEGXXX1178
Home/Apparel/Kid's/,GGOEGXXX1179
Home/Apparel/Kid's/,GGOEGXXX1180
Home/Apparel/Kid's/,GGOEGXXX1183
Home/Apparel/Kid's/,GGOEGXXX1187
Home/Apparel/Kid's/,GGOEGXXX1346
Home/Apparel/Kid's/,GGOEYXXX0895
Home/Apparel/Kid's/,GGOEYXXX0896
Home/Apparel/Kid's/,GGOEYXXX0897
Home/Apparel/Kid's/Kid's-Infant/,GGOEAXXX1134
Home/Apparel/Kid's/Kid's-Infant/,GGOEGAMC088199
Home/Apparel/Kid's/Kid's-Infant/,GGOEGAMC088399
Home/Apparel/Kid's/Kid's-Infant/,GGOEGAMQ088099
Home/Apparel/Kid's/Kid's-Infant/,GGOEGAMQ088299
Home/Apparel/Kid's/Kid's-Infant/,GGOEGAMR088499
Home/Apparel/Kid's/Kid's-Infant/,GGOEGXXX0885
Home/Apparel/Kid's/Kid's-Infant/,GGOEGXXX0886
Home/Apparel/Kid's/Kid's-Infant/,GGOEGXXX0887
Home/Apparel/Kid's/Kid's-Infant/,GGOEGXXX0888
Home/Apparel/Kid's/Kid's-Infant/,GGOEGXXX1135
Home/Apparel/Kid's/Kid's-Infant/,GGOEYXXX0897
Home/Apparel/Kid's/Kid's-Toddler/,GGOEAXXX1132
Home/Apparel/Kid's/Kid's-Toddler/,GGOEGXXX0889
Home/Apparel/Kid's/Kid's-Toddler/,GGOEGXXX0890
Home/Apparel/Kid's/Kid's-Toddler/,GGOEGXXX0891
Home/Apparel/Kid's/Kid's-Toddler/,GGOEGXXX0892
Home/Apparel/Kid's/Kid's-Toddler/,GGOEGXXX0893
Home/Apparel/Kid's/Kid's-Toddler/,GGOEGXXX0894
Home/Apparel/Kid's/Kid's-Toddler/,GGOEGXXX1133
Home/Apparel/Kid's/Kid's-Toddler/,GGOEGXXX1136
Home/Apparel/Kid's/Kid's-Toddler/,GGOEYXXX0895
Home/Apparel/Kid's/Kid's-Toddler/,GGOEYXXX0896
Home/Apparel/Kid's/Kids-Youth/,GGOEAXXX1062
Home/Apparel/Kid's/Kids-Youth/,GGOEAXXX1063
Home/Apparel/Kid's/Kids-Youth/,GGOEAXXX1064
Home/Apparel/Kid's/Kids-Youth/,GGOEAXXX1065
Home/Apparel/Kid's/Kids-Youth/,GGOEAXXX1127
Home/Apparel/Kid's/Kids-Youth/,GGOEAXXX1128
Home/Apparel/Kid's/Kids-Youth/,GGOEAXXX1129
Home/Apparel/Kid's/Kids-Youth/,GGOEGXXX1130
Home/Apparel/Kid's/Kids-Youth/,GGOEGXXX1131
Home/Apparel/Kid's/Kids-Youth/,GGOEGXXX1137
Home/Apparel/Kid's/Kids-Youth/,GGOEGXXX1167
Home/Apparel/Kid's/Kids-Youth/,GGOEGXXX1178
Home/Apparel/Kid's/Kids-Youth/,GGOEGXXX1179
Home/Apparel/Kid's/Kids-Youth/,GGOEGXXX1180
Home/Apparel/Kid's/Kids-Youth/,GGOEGXXX1183
Home/Apparel/Kids/,GGOEAXXX1064
Home/Apparel/Kids/,GGOEAXXX1065
Home/Apparel/Kids/,GGOEAXXX1127
Home/Apparel/Kids/,GGOEAXXX1129
Home/Apparel/Kids/,GGOEAXXX1132
Home/Apparel/Kids/,GGOEAXXX1298
Home/Apparel/Kids/,GGOEAXXX1299
Home/Apparel/Kids/,GGOEAXXX1300
Home/Apparel/Kids/,GGOEAXXX1301
Home/Apparel/Kids/,GGOEAXXX1302
Home/Apparel/Kids/,GGOEGXXX0886
Home/Apparel/Kids/,GGOEGXXX0887
Home/Apparel/Kids/,GGOEGXXX1130
Home/Apparel/Kids/,GGOEGXXX1131
Home/Apparel/Kids/,GGOEGXXX1133
Home/Apparel/Kids/,GGOEGXXX1135
Home/Apparel/Kids/,GGOEGXXX1136
Home/Apparel/Kids/,GGOEGXXX1137
Home/Apparel/Kids/,GGOEGXXX1167
Home/Apparel/Kids/,GGOEGXXX1178
Home/Apparel/Kids/,GGOEGXXX1179
Home/Apparel/Kids/,GGOEGXXX1180
Home/Apparel/Kids/,GGOEGXXX1183
Home/Apparel/Kids/,GGOEGXXX1187
Home/Apparel/Kids/,GGOEGXXX1346
Home/Apparel/Kids/,GGOEGXXX1357
Home/Apparel/Kids/,GGOEGXXX1359
Home/Apparel/Kids/,GGOEGXXX1361
Home/Apparel/Kids/,GGOEGXXX1445
Home/Apparel/Kids/,GGOEYXXX0895
Home/Apparel/Kids/,GGOEYXXX0896
Home/Apparel/Kids/,GGOEYXXX0897
Home/Apparel/Men's / Unisex/,GGOEAXXX1101
Home/Apparel/Men's / Unisex/,GGOEAXXX1205
Home/Apparel/Men's / Unisex/,GGOEAXXX1206
Home/Apparel/Men's / Unisex/,GGOEAXXX1296
Home/Apparel/Men's / Unisex/,GGOEAXXX1297
Home/Apparel/Men's / Unisex/,GGOEAXXX1308
Home/Apparel/Men's / Unisex/,GGOEGAEA125610
Home/Apparel/Men's / Unisex/,GGOEGXXX0903
Home/Apparel/Men's / Unisex/,GGOEGXXX0904
Home/Apparel/Men's / Unisex/,GGOEGXXX0905
Home/Apparel/Men's / Unisex/,GGOEGXXX0906
Home/Apparel/Men's / Unisex/,GGOEGXXX0907
Home/Apparel/Men's / Unisex/,GGOEGXXX0908
Home/Apparel/Men's / Unisex/,GGOEGXXX0911
Home/Apparel/Men's / Unisex/,GGOEGXXX0912
Home/Apparel/Men's / Unisex/,GGOEGXXX0913
Home/Apparel/Men's / Unisex/,GGOEGXXX0917
Home/Apparel/Men's / Unisex/,GGOEGXXX0918
Home/Apparel/Men's / Unisex/,GGOEGXXX0962
Home/Apparel/Men's / Unisex/,GGOEGXXX0964
Home/Apparel/Men's / Unisex/,GGOEGXXX1023
Home/Apparel/Men's / Unisex/,GGOEGXXX1030
Home/Apparel/Men's / Unisex/,GGOEGXXX1042
Home/Apparel/Men's / Unisex/,GGOEGXXX1043
Home/Apparel/Men's / Unisex/,GGOEGXXX1081
Home/Apparel/Men's / Unisex/,GGOEGXXX1083
Home/Apparel/Men's / Unisex/,GGOEGXXX1100
Home/Apparel/Men's / Unisex/,GGOEGXXX1109
Home/Apparel/Men's / Unisex/,GGOEGXXX1173
Home/Apparel/Men's / Unisex/,GGOEGXXX1174
Home/Apparel/Men's / Unisex/,GGOEGXXX1182
Home/Apparel/Men's / Unisex/,GGOEGXXX1189
Home/Apparel/Men's / Unisex/,GGOEGXXX1193
Home/Apparel/Men's / Unisex/,GGOEGXXX1342
Home/Apparel/Men's / Unisex/,GGOEGXXX1343
Home/Apparel/Men's / Unisex/,GGOEGXXX1344
Home/Apparel/Men's / Unisex/,GGOEGXXX1347
Home/Apparel/Men's / Unisex/,GGOEGXXX1350
Home/Apparel/Men's / Unisex/,GGOEGXXX1352
Home/Apparel/Men's / Unisex/,GGOEGXXX1371
Home/Apparel/Men's / Unisex/,GGOEGXXX1381
Home/Apparel/Men's / Unisex/,GGOEGXXX1383
Home/Apparel/Men's / Unisex/,GGOEGXXX1385
Home/Apparel/Men's / Unisex/,GGOEGXXX1474
Home/Apparel/Men's / Unisex/,GGOEYXXX0937
Home/Apparel/Men's / Unisex/,GGOEYXXX1202
Home/Apparel/Men's / Unisex/,GGOEYXXX1203
Home/Apparel/Men's / Unisex/,GGOEYXXX1207
Home/Apparel/Men's/,GGOEAXXX1033
Home/Apparel/Men's/,GGOEAXXX1097
Home/Apparel/Men's/,GGOEAXXX1101
Home/Apparel/Men's/,GGOEAXXX1102
Home/Apparel/Men's/,GGOEAXXX1103
Home/Apparel/Men's/,GGOEAXXX1110
Home/Apparel/Men's/,GGOEAXXX1191
Home/Apparel/Men's/,GGOEAXXX1192
Home/Apparel/Men's/,GGOEGAEA125610
Home/Apparel/Men's/,GGOEGXXX0903
Home/Apparel/Men's/,GGOEGXXX0904
Home/Apparel/Men's/,GGOEGXXX0905
Home/Apparel/Men's/,GGOEGXXX0906
Home/Apparel/Men's/,GGOEGXXX0907
Home/Apparel/Men's/,GGOEGXXX0908
Home/Apparel/Men's/,GGOEGXXX0911
Home/Apparel/Men's/,GGOEGXXX0912
Home/Apparel/Men's/,GGOEGXXX0913
Home/Apparel/Men's/,GGOEGXXX0917
Home/Apparel/Men's/,GGOEGXXX0918
Home/Apparel/Men's/,GGOEGXXX0962
Home/Apparel/Men's/,GGOEGXXX0964
Home/Apparel/Men's/,GGOEGXXX1023
Home/Apparel/Men's/,GGOEGXXX1030
Home/Apparel/Men's/,GGOEGXXX1031
Home/Apparel/Men's/,GGOEGXXX1032
Home/Apparel/Men's/,GGOEGXXX1041
Home/Apparel/Men's/,GGOEGXXX1042
Home/Apparel/Men's/,GGOEGXXX1043
Home/Apparel/Men's/,GGOEGXXX1081
Home/Apparel/Men's/,GGOEGXXX1083
Home/Apparel/Men's/,GGOEGXXX1095
Home/Apparel/Men's/,GGOEGXXX1100
Home/Apparel/Men's/,GGOEGXXX1105
Home/Apparel/Men's/,GGOEGXXX1106
Home/Apparel/Men's/,GGOEGXXX1107
Home/Apparel/Men's/,GGOEGXXX1108
Home/Apparel/Men's/,GGOEGXXX1109
Home/Apparel/Men's/,GGOEGXXX1173
Home/Apparel/Men's/,GGOEGXXX1174
Home/Apparel/Men's/,GGOEGXXX1189
Home/Apparel/Men's/,GGOEGXXX1193
Home/Apparel/Men's/,GGOEWXXX0835
Home/Apparel/Men's/,GGOEYXXX0937
Home/Apparel/Men's/,GGOEYXXX0938
Home/Apparel/Men's/,GGOEYXXX1202
Home/Apparel/Men's/Men's T-Shirts/,GGOEAXXX1033
Home/Apparel/Men's/Men's T-Shirts/,GGOEAXXX1101
Home/Apparel/Men's/Men's T-Shirts/,GGOEAXXX1102
Home/Apparel/Men's/Men's T-Shirts/,GGOEAXXX1103
Home/Apparel/Men's/Men's T-Shirts/,GGOEAXXX1192
Home/Apparel/Men's/Men's T-Shirts/,GGOEGXXX0903
Home/Apparel/Men's/Men's T-Shirts/,GGOEGXXX0904
Home/Apparel/Men's/Men's T-Shirts/,GGOEGXXX0905
Home/Apparel/Men's/Men's T-Shirts/,GGOEGXXX0906
Home/Apparel/Men's/Men's T-Shirts/,GGOEGXXX0907
Home/Apparel/Men's/Men's T-Shirts/,GGOEGXXX0908
Home/Apparel/Men's/Men's T-Shirts/,GGOEGXXX0916
Home/Apparel/Men's/Men's T-Shirts/,GGOEGXXX0918
Home/Apparel/Men's/Men's T-Shirts/,GGOEGXXX1023
Home/Apparel/Men's/Men's T-Shirts/,GGOEGXXX1030
Home/Apparel/Men's/Men's T-Shirts/,GGOEGXXX1031
Home/Apparel/Men's/Men's T-Shirts/,GGOEGXXX1032
Home/Apparel/Men's/Men's T-Shirts/,GGOEGXXX1034
Home/Apparel/Men's/Men's T-Shirts/,GGOEGXXX1038
Home/Apparel/Men's/Men's T-Shirts/,GGOEGXXX1040
Home/Apparel/Men's/Men's T-Shirts/,GGOEGXXX1041
Home/Apparel/Men's/Men's T-Shirts/,GGOEGXXX1042
Home/Apparel/Men's/Men's T-Shirts/,GGOEGXXX1043
Home/Apparel/Men's/Men's T-Shirts/,GGOEGXXX1044
Home/Apparel/Men's/Men's T-Shirts/,GGOEGXXX1100
Home/Apparel/Men's/Men's T-Shirts/,GGOEGXXX1105
Home/Apparel/Men's/Men's T-Shirts/,GGOEGXXX1106
Home/Apparel/Men's/Men's T-Shirts/,GGOEGXXX1107
Home/Apparel/Men's/Men's T-Shirts/,GGOEGXXX1173
Home/Apparel/Men's/Men's T-Shirts/,GGOEGXXX1174
Home/Apparel/Men's/Men's T-Shirts/,GGOEGXXX1175
Home/Apparel/Men's/Men's T-Shirts/,GGOEGXXX1176
Home/Apparel/Men's/Men's T-Shirts/,GGOEGXXX1177
Home/Apparel/Men's/Men's T-Shirts/,GGOEGXXX1189
Home/Apparel/Men's/Men's T-Shirts/,GGOEGXXX1193
Home/Apparel/Men's/Men's T-Shirts/,GGOEGXXX1194
Home/Apparel/Men's/Men's T-Shirts/,GGOEGXXX1195
Home/Apparel/Men's/Men's T-Shirts/,GGOEGXXX1196
Home/Apparel/Men's/Men's T-Shirts/,GGOEGXXX1197
Home/Apparel/Men's/Men's T-Shirts/,GGOEGXXX1198
Home/Apparel/Men's/Men's T-Shirts/,GGOEGXXX1199
Home/Apparel/Men's/Men's T-Shirts/,GGOEGXXX1201
Home/Apparel/Men's/Men's T-Shirts/,GGOEGXXX1253
Home/Apparel/Men's/Men's T-Shirts/,GGOEWXXX0828
Home/Apparel/Men's/Men's T-Shirts/,GGOEWXXX0835
Home/Apparel/Men's/Men's T-Shirts/,GGOEYXXX1202
Home/Apparel/Men's/Men's T-Shirts/,GGOEYXXX1203
Home/Apparel/Men's/Men's Warm Gear/,GGOEAXXX1097
Home/Apparel/Men's/Men's Warm Gear/,GGOEAXXX1110
Home/Apparel/Men's/Men's Warm Gear/,GGOEAXXX1205
Home/Apparel/Men's/Men's Warm Gear/,GGOEAXXX1206
Home/Apparel/Men's/Men's Warm Gear/,GGOEGAAX0567
Home/Apparel/Men's/Men's Warm Gear/,GGOEGAEA125610
Home/Apparel/Men's/Men's Warm Gear/,GGOEGXXX0911
Home/Apparel/Men's/Men's Warm Gear/,GGOEGXXX0912
Home/Apparel/Men's/Men's Warm Gear/,GGOEGXXX0913
Home/Apparel/Men's/Men's Warm Gear/,GGOEGXXX0917
Home/Apparel/Men's/Men's Warm Gear/,GGOEGXXX0962
Home/Apparel/Men's/Men's Warm Gear/,GGOEGXXX0964
Home/Apparel/Men's/Men's Warm Gear/,GGOEGXXX1079
Home/Apparel/Men's/Men's Warm Gear/,GGOEGXXX1081
Home/Apparel/Men's/Men's Warm Gear/,GGOEGXXX1083
Home/Apparel/Men's/Men's Warm Gear/,GGOEGXXX1095
Home/Apparel/Men's/Men's Warm Gear/,GGOEGXXX1107
Home/Apparel/Men's/Men's Warm Gear/,GGOEGXXX1108
Home/Apparel/Men's/Men's Warm Gear/,GGOEGXXX1109
Home/Apparel/Men's/Men's Warm Gear/,GGOEYXXX0937
Home/Apparel/Men's/Men's Warm Gear/,GGOEYXXX0938
Home/Apparel/Socks/,GGOEAAEJ105410
Home/Apparel/Socks/,GGOEAAEJ105510
Home/Apparel/Socks/,GGOEAAKQ137410
Home/Apparel/Socks/,GGOEGAEB105210
Home/Apparel/Socks/,GGOEGAEB105310
Home/Apparel/Socks/,GGOEGAXA123510
Home/Apparel/Socks/,GGOEGAXA123610
Home/Apparel/Socks/,GGOEGAXN139410
Home/Apparel/Socks/,GGOEYAEA105610
Home/Apparel/Women's/,GGCOGXXX1007
Home/Apparel/Women's/,GGOEAXXX1098
Home/Apparel/Women's/,GGOEAXXX1101
Home/Apparel/Women's/,GGOEAXXX1110
Home/Apparel/Women's/,GGOEAXXX1205
Home/Apparel/Women's/,GGOEAXXX1206
Home/Apparel/Women's/,GGOEAXXX1308
Home/Apparel/Women's/,GGOEGAEA125610
Home/Apparel/Women's/,GGOEGXXX0903
Home/Apparel/Women's/,GGOEGXXX0904
Home/Apparel/Women's/,GGOEGXXX0905
Home/Apparel/Women's/,GGOEGXXX0906
Home/Apparel/Women's/,GGOEGXXX0907
Home/Apparel/Women's/,GGOEGXXX0908
Home/Apparel/Women's/,GGOEGXXX0910
Home/Apparel/Women's/,GGOEGXXX0911
Home/Apparel/Women's/,GGOEGXXX0912
Home/Apparel/Women's/,GGOEGXXX0913
Home/Apparel/Women's/,GGOEGXXX0915
Home/Apparel/Women's/,GGOEGXXX0917
Home/Apparel/Women's/,GGOEGXXX0918
Home/Apparel/Women's/,GGOEGXXX0919
Home/Apparel/Women's/,GGOEGXXX0963
Home/Apparel/Women's/,GGOEGXXX0964
Home/Apparel/Women's/,GGOEGXXX1023
Home/Apparel/Women's/,GGOEGXXX1026
Home/Apparel/Women's/,GGOEGXXX1030
Home/Apparel/Women's/,GGOEGXXX1042
Home/Apparel/Women's/,GGOEGXXX1043
Home/Apparel/Women's/,GGOEGXXX1044
Home/Apparel/Women's/,GGOEGXXX1078
Home/Apparel/Women's/,GGOEGXXX1080
Home/Apparel/Women's/,GGOEGXXX1082
Home/Apparel/Women's/,GGOEGXXX1084
Home/Apparel/Women's/,GGOEGXXX1096
Home/Apparel/Women's/,GGOEGXXX1099
Home/Apparel/Women's/,GGOEGXXX1100
Home/Apparel/Women's/,GGOEGXXX1105
Home/Apparel/Women's/,GGOEGXXX1106
Home/Apparel/Women's/,GGOEGXXX1107
Home/Apparel/Women's/,GGOEGXXX1108
Home/Apparel/Women's/,GGOEGXXX1109
Home/Apparel/Women's/,GGOEGXXX1173
Home/Apparel/Women's/,GGOEGXXX1174
Home/Apparel/Women's/,GGOEGXXX1181
Home/Apparel/Women's/,GGOEGXXX1182
Home/Apparel/Women's/,GGOEGXXX1268
Home/Apparel/Women's/,GGOEGXXX1271
Home/Apparel/Women's/,GGOEGXXX1273
Home/Apparel/Women's/,GGOEGXXX1342
Home/Apparel/Women's/,GGOEGXXX1350
Home/Apparel/Women's/,GGOEGXXX1352
Home/Apparel/Women's/,GGOEGXXX1372
Home/Apparel/Women's/,GGOEGXXX1384
Home/Apparel/Women's/,GGOEGXXX1386
Home/Apparel/Women's/,GGOEWXXX0827
Home/Apparel/Women's/,GGOEWXXX0834
Home/Apparel/Women's/,GGOEYXXX0937
Home/Apparel/Women's/,GGOEYXXX0938
Home/Apparel/Women's/,GGOEYXXX1202
Home/Apparel/Women's/,GGOEYXXX1203
Home/Apparel/Women's/,GGOEYXXX1207
Home/Apparel/Women's/Women's T-Shirts/,GGOEAXXX1033
Home/Apparel/Women's/Women's T-Shirts/,GGOEAXXX1039
Home/Apparel/Women's/Women's T-Shirts/,GGOEAXXX1101
Home/Apparel/Women's/Women's T-Shirts/,GGOEAXXX1102
Home/Apparel/Women's/Women's T-Shirts/,GGOEAXXX1192
Home/Apparel/Women's/Women's T-Shirts/,GGOEGXXX0903
Home/Apparel/Women's/Women's T-Shirts/,GGOEGXXX0904
Home/Apparel/Women's/Women's T-Shirts/,GGOEGXXX0905
Home/Apparel/Women's/Women's T-Shirts/,GGOEGXXX0906
Home/Apparel/Women's/Women's T-Shirts/,GGOEGXXX0907
Home/Apparel/Women's/Women's T-Shirts/,GGOEGXXX0908
Home/Apparel/Women's/Women's T-Shirts/,GGOEGXXX0910
Home/Apparel/Women's/Women's T-Shirts/,GGOEGXXX0915
Home/Apparel/Women's/Women's T-Shirts/,GGOEGXXX0916
Home/Apparel/Women's/Women's T-Shirts/,GGOEGXXX0918
Home/Apparel/Women's/Women's T-Shirts/,GGOEGXXX0919
Home/Apparel/Women's/Women's T-Shirts/,GGOEGXXX1025
Home/Apparel/Women's/Women's T-Shirts/,GGOEGXXX1026
Home/Apparel/Women's/Women's T-Shirts/,GGOEGXXX1099
Home/Apparel/Women's/Women's T-Shirts/,GGOEGXXX1100
Home/Apparel/Women's/Women's T-Shirts/,GGOEGXXX1105
Home/Apparel/Women's/Women's T-Shirts/,GGOEGXXX1106
Home/Apparel/Women's/Women's T-Shirts/,GGOEGXXX1107
Home/Apparel/Women's/Women's T-Shirts/,GGOEGXXX1173
Home/Apparel/Women's/Women's T-Shirts/,GGOEGXXX1174
Home/Apparel/Women's/Women's T-Shirts/,GGOEGXXX1175
Home/Apparel/Women's/Women's T-Shirts/,GGOEGXXX1176
Home/Apparel/Women's/Women's T-Shirts/,GGOEGXXX1177
Home/Apparel/Women's/Women's T-Shirts/,GGOEGXXX1181
Home/Apparel/Women's/Women's T-Shirts/,GGOEGXXX1193
Home/Apparel/Women's/Women's T-Shirts/,GGOEWXXX0827
Home/Apparel/Women's/Women's T-Shirts/,GGOEWXXX0834
Home/Apparel/Women's/Women's Warm Gear/,GGOEAXXX1098
Home/Apparel/Women's/Women's Warm Gear/,GGOEAXXX1110
Home/Apparel/Women's/Women's Warm Gear/,GGOEAXXX1205
Home/Apparel/Women's/Women's Warm Gear/,GGOEGAEA125610
Home/Apparel/Women's/Women's Warm Gear/,GGOEGXXX0911
Home/Apparel/Women's/Women's Warm Gear/,GGOEGXXX0912
Home/Apparel/Women's/Women's Warm Gear/,GGOEGXXX0913
Home/Apparel/Women's/Women's Warm Gear/,GGOEGXXX0917
Home/Apparel/Women's/Women's Warm Gear/,GGOEGXXX0963
Home/Apparel/Women's/Women's Warm Gear/,GGOEGXXX0964
Home/Apparel/Women's/Women's Warm Gear/,GGOEGXXX1078
Home/Apparel/Women's/Women's Warm Gear/,GGOEGXXX1080
Home/Apparel/Women's/Women's Warm Gear/,GGOEGXXX1082
Home/Apparel/Women's/Women's Warm Gear/,GGOEGXXX1084
Home/Apparel/Women's/Women's Warm Gear/,GGOEGXXX1096
Home/Apparel/Women's/Women's Warm Gear/,GGOEGXXX1107
Home/Apparel/Women's/Women's Warm Gear/,GGOEGXXX1108
Home/Apparel/Women's/Women's Warm Gear/,GGOEGXXX1109
Home/Apparel/Women's/Women's Warm Gear/,GGOEGXXX1182
Home/Apparel/Women's/Women's Warm Gear/,GGOEYXXX0937
Home/Apparel/Women's/Women's Warm Gear/,GGOEYXXX0938
Home/Bags/,GGOEABJK099899
Home/Bags/,GGOEGABJ099599
Home/Bags/,GGOEGBBC122499
Home/Bags/,GGOEGBBD121899
Home/Bags/,GGOEGBBD121999
Home/Bags/,GGOEGBBD122099
Home/Bags/,GGOEGBJB099799
Home/Bags/,GGOEGBJB125799
Home/Bags/,GGOEGBJC100199
Home/Bags/,GGOEGBJC122399
Home/Bags/,GGOEGBJD122199
Home/Bags/,GGOEGBJD122299
Home/Bags/,GGOEGBJJ099499
Home/Bags/,GGOEGBJJ099699
Home/Bags/,GGOEGBJJ103599
Home/Bags/,GGOEGBJJ103699
Home/Bags/,GGOEGBJJ103799
Home/Bags/,GGOEGBJK099999
Home/Bags/,GGOEGBJQ125099
Home/Bags/,GGOEGBJR100099
Home/Bags/,GGOEGBRB105199
Home/Bags/,GGOEGBRJ114199
Home/Bags/,GGOEGBRL124699
Home/Bags/Backpacks/,GGOEABRB130499
Home/Bags/Backpacks/,GGOEGBJJ099699
Home/Bags/Backpacks/,GGOEGBJJ103599
Home/Bags/Backpacks/,GGOEGBJJ103699
Home/Bags/Backpacks/,GGOEGBRJ114199
Home/Bags/Backpacks/,GGOEGBRL124699
Home/Bags/More Bags/,GGOEGABJ099599
Home/Bags/More Bags/,GGOEGBBC122499
Home/Bags/More Bags/,GGOEGBBD121899
Home/Bags/More Bags/,GGOEGBBD121999
Home/Bags/More Bags/,GGOEGBBD122099
Home/Bags/More Bags/,GGOEGBJB099799
Home/Bags/More Bags/,GGOEGBJC100199
Home/Bags/More Bags/,GGOEGBJJ099499
Home/Bags/More Bags/,GGOEGBJJ103799
Home/Bags/More Bags/,GGOEGBJR100099
Home/Bags/Shopping and Totes/,GGOEGBJB099799
Home/Bags/Shopping and Totes/,GGOEGBJB125799
Home/Bags/Shopping and Totes/,GGOEGBJC100199
Home/Bags/Shopping and Totes/,GGOEGBJC122399
Home/Bags/Shopping and Totes/,GGOEGBJD122199
Home/Bags/Shopping and Totes/,GGOEGBJD122299
Home/Bags/Shopping and Totes/,GGOEGBJK099999
Home/Bags/Shopping and Totes/,GGOEGBJQ125099
Home/Bags/Shopping and Totes/,GGOEGBJR100099
Home/Campus Collection/,GGOEGCBB139999
Home/Campus Collection/,GGOEGCBC140799
Home/Campus Collection/,GGOEGCBR133299
Home/Campus Collection/,GGOEGCKB140599
Home/Campus Collection/,GGOEGCKC141399
Home/Campus Collection/,GGOEGCKM142999
Home/Campus Collection/,GGOEGCKR133899
Home/Campus Collection/,GGOEGDWB140099
Home/Campus Collection/,GGOEGXXX1337
Home/Campus Collection/,GGOEGXXX1404
Home/Campus Collection/,GGOEGXXX1410
Home/Campus Collection/,GGOEGXXX1411
Home/Campus Collection/,GGOEGXXX1412
Home/Clearance/,GGOEADHQ098399
Home/Clearance/,GGOEAFBA115599
Home/Clearance/,GGOEAHBB102099
Home/Clearance/,GGOEAXXX1127
Home/Clearance/,GGOEGDWP122699
Home/Clearance/,GGOEGHBL101999
Home/Clearance/,GGOEGHPH107210
Home/Clearance/,GGOEGHPR107110
Home/Clearance/,GGOEGHPR107610
Home/Clearance/,GGOEGOAB086399
Home/Clearance/,GGOEGOAJ086399
Home/Clearance/,GGOEGOCC100299
Home/Clearance/,GGOEGXXX0887
Home/Clearance/,GGOEGXXX0893
Home/Clearance/,GGOEGXXX0903
Home/Clearance/,GGOEGXXX0904
Home/Clearance/,GGOEGXXX0907
Home/Clearance/,GGOEGXXX0908
Home/Clearance/,GGOEGXXX0917
Home/Clearance/,GGOEGXXX0918
Home/Clearance/,GGOEGXXX1080
Home/Clearance/,GGOEGXXX1105
Home/Clearance/,GGOEGXXX1106
Home/Clearance/,GGOEGXXX1108
Home/Clearance/,GGOEWFKA082999
Home/Clearance/,GGOEWFKA083099
Home/Clearance/,GGOEWFKA083299
Home/Clearance/,GGOEYOCB100499
Home/Clearance/,GGOEYXXX0895
Home/Clearance/Clearance-Apparel/,GGOEGXXX0893
Home/Clearance/Clearance-Apparel/,GGOEGXXX0903
Home/Clearance/Clearance-Apparel/,GGOEGXXX0904
Home/Clearance/Clearance-Apparel/,GGOEGXXX0905
Home/Clearance/Clearance-Apparel/,GGOEGXXX0907
Home/Clearance/Clearance-Apparel/,GGOEGXXX0908
Home/Clearance/Clearance-Apparel/,GGOEGXXX0911
Home/Clearance/Clearance-Apparel/,GGOEGXXX0912
Home/Clearance/Clearance-Apparel/,GGOEGXXX0915
Home/Clearance/Clearance-Apparel/,GGOEGXXX0916
Home/Clearance/Clearance-Apparel/,GGOEGXXX0918
Home/Clearance/Clearance-Apparel/,GGOEGXXX0919
Home/Clearance/Clearance-Apparel/,GGOEGXXX1026
Home/Clearance/Clearance-Apparel/,GGOEGXXX1042
Home/Clearance/Clearance-Apparel/,GGOEYXXX0895
Home/Drinkware/,GGOEADHB085999
Home/Drinkware/,GGOEADHB086299
Home/Drinkware/,GGOEADHB098899
Home/Drinkware/,GGOEADHH117199
Home/Drinkware/,GGOEADHQ098399
Home/Drinkware/,GGOEADWJ108999
Home/Drinkware/,GGOEGDHB107099
Home/Drinkware/,GGOEGDHB108899
Home/Drinkware/,GGOEGDHC018299
Home/Drinkware/,GGOEGDHC087099
Home/Drinkware/,GGOEGDHC098299
Home/Drinkware/,GGOEGDHC098799
Home/Drinkware/,GGOEGDHH087299
Home/Drinkware/,GGOEGDHH098599
Home/Drinkware/,GGOEGDHJ116899
Home/Drinkware/,GGOEGDHL098699
Home/Drinkware/,GGOEGDHL108599
Home/Drinkware/,GGOEGDHL116999
Home/Drinkware/,GGOEGDHQ093399
Home/Drinkware/,GGOEGDHQ127799
Home/Drinkware/,GGOEGDHR086999
Home/Drinkware/,GGOEGDHR098199
Home/Drinkware/,GGOEGDHR117099
Home/Drinkware/,GGOEGDHT087199
Home/Drinkware/,GGOEGDNL108699
Home/Drinkware/,GGOEGDWC122799
Home/Drinkware/,GGOEGDWD108799
Home/Drinkware/,GGOEGDWP122699
Home/Drinkware/,GGOEGDWQ087699
Home/Drinkware/,GGOEGDWQ123399
Home/Drinkware/,GGOEYDHB086099
Home/Drinkware/,GGOEYDHB098499
Home/Drinkware/,GGOEYDHR117299
Home/Drinkware/,GGOEYDWB123299
Home/Drinkware/Mugs & Tumblers/,GGOEADHB086299
Home/Drinkware/Mugs & Tumblers/,GGOEADHB098899
Home/Drinkware/Mugs & Tumblers/,GGOEADWJ108999
Home/Drinkware/Mugs & Tumblers/,GGOEGDHC087099
Home/Drinkware/Mugs & Tumblers/,GGOEGDHC098799
Home/Drinkware/Mugs & Tumblers/,GGOEGDNL108699
Home/Drinkware/Mugs & Tumblers/,GGOEGDWC122799
Home/Drinkware/Mugs & Tumblers/,GGOEGDWD108799
Home/Drinkware/Mugs & Tumblers/,GGOEGDWP122699
Home/Drinkware/Mugs & Tumblers/,GGOEGDWQ087699
Home/Drinkware/Mugs & Tumblers/,GGOEGDWQ123399
Home/Drinkware/Mugs & Tumblers/,GGOEYDWB123299
Home/Drinkware/Water Bottles/,GGOEADHB085999
Home/Drinkware/Water Bottles/,GGOEADHH117199
Home/Drinkware/Water Bottles/,GGOEADHQ098399
Home/Drinkware/Water Bottles/,GGOEGDHB107099
Home/Drinkware/Water Bottles/,GGOEGDHB108899
Home/Drinkware/Water Bottles/,GGOEGDHC018299
Home/Drinkware/Water Bottles/,GGOEGDHC087099
Home/Drinkware/Water Bottles/,GGOEGDHC098299
Home/Drinkware/Water Bottles/,GGOEGDHH087299
Home/Drinkware/Water Bottles/,GGOEGDHH098599
Home/Drinkware/Water Bottles/,GGOEGDHJ116899
Home/Drinkware/Water Bottles/,GGOEGDHL098699
Home/Drinkware/Water Bottles/,GGOEGDHL108599
Home/Drinkware/Water Bottles/,GGOEGDHL116999
Home/Drinkware/Water Bottles/,GGOEGDHQ093399
Home/Drinkware/Water Bottles/,GGOEGDHQ127799
Home/Drinkware/Water Bottles/,GGOEGDHR086999
Home/Drinkware/Water Bottles/,GGOEGDHR098199
Home/Drinkware/Water Bottles/,GGOEGDHT087199
Home/Drinkware/Water Bottles/,GGOEGDNL108699
Home/Drinkware/Water Bottles/,GGOEYDHB086099
Home/Drinkware/Water Bottles/,GGOEYDHB098499
Home/Drinkware/Water Bottles/,GGOEYDHR117299
Home/Electronics/,GGOEGABB099199
Home/Electronics/,GGOEGABB100999
Home/Electronics/,GGOEGABC099399
Home/Electronics/,GGOEGABK101099
Home/Electronics/,GGOEGABL100799
Home/Electronics/,GGOEGEBA101699
Home/Electronics/,GGOEGEGC099099
Home/Electronics/Electronic Accessories/,GGOEAEGH100899
Home/Electronics/Electronic Accessories/,GGOEGABB099199
Home/Electronics/Electronic Accessories/,GGOEGABB100999
Home/Electronics/Electronic Accessories/,GGOEGABC099399
Home/Electronics/Electronic Accessories/,GGOEGABJ099599
Home/Electronics/Electronic Accessories/,GGOEGABK101099
Home/Electronics/Electronic Accessories/,GGOEGABL100799
Home/Electronics/Electronic Accessories/,GGOEGBGJ132699
Home/Electronics/Electronic Accessories/,GGOEGBJJ099499
Home/Electronics/Electronic Accessories/,GGOEGEBA101699
Home/Electronics/Electronic Accessories/,GGOEGEGC099099
Home/Gift Cards/,GGOEGGCX056199
Home/Gift Cards/,GGOEGGCX056299
Home/Gift Cards/,GGOEGGCX056499
Home/Gift Cards/,GGOEGGCX092599
Home/Nest/Nest-Canada/,GGOENEBB081499
Home/Nest/Nest-Canada/,GGOENEBJ081899
Home/Nest/Nest-Canada/,GGOENEBQ081699
Home/Nest/Nest-Canada/,GGOENEBQ081799
Home/Nest/Nest-Canada/,GGOENEBQ086599
Home/Nest/Nest-Canada/,GGOENEBQ086899
Home/Nest/Nest-USA/,GGOENEBB078899
Home/Nest/Nest-USA/,GGOENEBD084799
Home/Nest/Nest-USA/,GGOENEBJ079499
Home/Nest/Nest-USA/,GGOENEBJ097199
Home/Nest/Nest-USA/,GGOENEBQ078999
Home/Nest/Nest-USA/,GGOENEBQ079099
Home/Nest/Nest-USA/,GGOENEBQ079199
Home/Nest/Nest-USA/,GGOENEBQ084699
Home/Nest/Nest-USA/,GGOENEBQ086499
Home/Nest/Nest-USA/,GGOENEBQ086799
Home/Nest/Nest-USA/,GGOENEBQ092299
Home/Nest/Nest-USA/,GGOENEBQ092399
Home/Nest/Nest-USA/,GGOENEBQ093499
Home/Nest/Nest-USA/,GGOENEBQ093599
Home/Nest/Nest-USA/,GGOENEBQ093699
Home/Nest/Nest-USA/,GGOENEBQ097099
Home/Nest/Nest-USA/,GGOENEBQ102899
Home/Nest/Nest-USA/,GGOENEBQ102931
Home/New/,GGCOGOAC101259
Home/New/,GGOEABRB130499
Home/New/,GGOEACBA116699
Home/New/,GGOEACBA129599
Home/New/,GGOEADHB129299
Home/New/,GGOEADHH117199
Home/New/,GGOEADHH129499
Home/New/,GGOEADWJ108999
Home/New/,GGOEADWJ129399
Home/New/,GGOEAFBA115399
Home/New/,GGOEAFBA115499
Home/New/,GGOEAFBA115599
Home/New/,GGOEAFBH111099
Home/New/,GGOEAFKQ130599
Home/New/,GGOEAFKQ130699
Home/New/,GGOEAHPB121010
Home/New/,GGOEAHPL130910
Home/New/,GGOEAOAL129199
Home/New/,GGOEAOLL130799
Home/New/,GGOEAXXX1098
Home/New/,GGOEAXXX1296
Home/New/,GGOEAXXX1297
Home/New/,GGOEGABB137799
Home/New/,GGOEGABJ125299
Home/New/,GGOEGAEC134910
Home/New/,GGOEGAED134810
Home/New/,GGOEGAEJ135510
Home/New/,GGOEGAKA126399
Home/New/,GGOEGAXN139410
Home/New/,GGOEGBBD121899
Home/New/,GGOEGBBD132599
Home/New/,GGOEGBBJ131999
Home/New/,GGOEGBBJ132799
Home/New/,GGOEGBGJ132699
Home/New/,GGOEGBJH131899
Home/New/,GGOEGBJJ103599
Home/New/,GGOEGBJJ103699
Home/New/,GGOEGBJJ103799
Home/New/,GGOEGBJQ125099
Home/New/,GGOEGBRJ114199
Home/New/,GGOEGCBC136599
Home/New/,GGOEGCBH136399
Home/New/,GGOEGCBR136499
Home/New/,GGOEGCBR138899
Home/New/,GGOEGCBT136699
Home/New/,GGOEGCKA126299
Home/New/,GGOEGCKJ132999
Home/New/,GGOEGCXD132499
Home/New/,GGOEGDHB108899
Home/New/,GGOEGDHB137399
Home/New/,GGOEGDHG133099
Home/New/,GGOEGDHJ116899
Home/New/,GGOEGDHJ136799
Home/New/,GGOEGDHL108599
Home/New/,GGOEGDHL116999
Home/New/,GGOEGDNC147699
Home/New/,GGOEGDNL108699
Home/New/,GGOEGDNQ138099
Home/New/,GGOEGDNR147599
Home/New/,GGOEGDWC122799
Home/New/,GGOEGDWD108799
Home/New/,GGOEGDWH127899
Home/New/,GGOEGDWQ123399
Home/New/,GGOEGHGA118499
Home/New/,GGOEGHGA118599
Home/New/,GGOEGHGA118699
Home/New/,GGOEGHPB120910
Home/New/,GGOEGHPC120810
Home/New/,GGOEGHPH107210
Home/New/,GGOEGHPJ107510
Home/New/,GGOEGHPL107710
Home/New/,GGOEGHPR107110
Home/New/,GGOEGHPR107610
Home/New/,GGOEGHPR118810
Home/New/,GGOEGOAB131499
Home/New/,GGOEGOAC121399
Home/New/,GGOEGOAC123799
Home/New/,GGOEGOAD131399
Home/New/,GGOEGOAH124099
Home/New/,GGOEGOAH124199
Home/New/,GGOEGOAH131599
Home/New/,GGOEGOAN123899
Home/New/,GGOEGOAP123999
Home/New/,GGOEGOAQ121299
Home/New/,GGOEGOAR124299
Home/New/,GGOEGOCA121799
Home/New/,GGOEGOCB131799
Home/New/,GGOEGOCD131699
Home/New/,GGOEGOCR132199
Home/New/,GGOEGOLA127499
Home/New/,GGOEGOLA127599
Home/New/,GGOEGOLJ137999
Home/New/,GGOEGXXX1039
Home/New/,GGOEGXXX1040
Home/New/,GGOEGXXX1078
Home/New/,GGOEGXXX1079
Home/New/,GGOEGXXX1099
Home/New/,GGOEGXXX1347
Home/New/,GGOEGXXX1359
Home/New/,GGOEGXXX1360
Home/New/,GGOEGXXX1361
Home/New/,GGOEGXXX1371
Home/New/,GGOEGXXX1372
Home/New/,GGOEGXXX1381
Home/New/,GGOEGXXX1382
Home/New/,GGOEYCBR138999
Home/New/,GGOEYDHR117299
Home/New/,GGOEYDWB123299
Home/New/New-Accessories/,GGOEACBA116699
Home/New/New-Accessories/,GGOEACBA128899
Home/New/New-Accessories/,GGOEAFBA115499
Home/New/New-Accessories/,GGOEAFBA115599
Home/New/New-Accessories/,GGOEAFBH111099
Home/New/New-Accessories/,GGOEGABJ125299
Home/New/New-Accessories/,GGOEGAKA126399
Home/New/New-Accessories/,GGOEGCBA128699
Home/New/New-Accessories/,GGOEGCBA128799
Home/New/New-Accessories/,GGOEGCBA129099
Home/New/New-Accessories/,GGOEGCKA126299
Home/New/New-Accessories/,GGOEGCVA125199
Home/New/New-Accessories/,GGOEGHGA118499
Home/New/New-Accessories/,GGOEGHGA118599
Home/New/New-Accessories/,GGOEGHGA118699
Home/New/New-Accessories/,GGOEGHGH124899
Home/New/New-Accessories/,GGOEGHGJ124999
Home/New/New-Accessories/,GGOEGHGT124799
Home/New/New-Accessories/,GGOEYCBA128999
Home/New/New-Apparel/,GGOEAHPB121010
Home/New/New-Apparel/,GGOEAXXX1191
Home/New/New-Apparel/,GGOEGAEA125610
Home/New/New-Apparel/,GGOEGAXA123510
Home/New/New-Apparel/,GGOEGAXA123610
Home/New/New-Apparel/,GGOEGHPB120910
Home/New/New-Apparel/,GGOEGHPC120810
Home/New/New-Apparel/,GGOEGHPR118810
Home/New/New-Apparel/,GGOEGXXX1173
Home/New/New-Apparel/,GGOEGXXX1174
Home/New/New-Apparel/,GGOEGXXX1175
Home/New/New-Apparel/,GGOEGXXX1176
Home/New/New-Apparel/,GGOEGXXX1177
Home/New/New-Apparel/,GGOEGXXX1179
Home/New/New-Apparel/,GGOEGXXX1183
Home/New/New-Apparel/,GGOEGXXX1189
Home/New/New-Apparel/,GGOEGXXX1190
Home/New/New-Apparel/,GGOEGXXX1193
Home/New/New-Apparel/,GGOEGXXX1194
Home/New/New-Apparel/,GGOEGXXX1195
Home/New/New-Apparel/,GGOEGXXX1196
Home/New/New-Apparel/,GGOEGXXX1197
Home/New/New-Apparel/,GGOEGXXX1198
Home/New/New-Apparel/,GGOEGXXX1253
Home/New/New-Apparel/,GGOEGXXX1254
Home/New/New-Apparel/,GGOEYHPB121110
Home/New/New-Bags/,GGOEABRB130499
Home/New/New-Bags/,GGOEGBBC122499
Home/New/New-Bags/,GGOEGBBD121899
Home/New/New-Bags/,GGOEGBBD122099
Home/New/New-Bags/,GGOEGBJB125799
Home/New/New-Bags/,GGOEGBJC122399
Home/New/New-Bags/,GGOEGBJD122199
Home/New/New-Bags/,GGOEGBJD122299
Home/New/New-Bags/,GGOEGBJQ125099
Home/New/New-Bags/,GGOEGBRL124699
Home/New/New-Drinkware/,GGOEADHH117199
Home/New/New-Drinkware/,GGOEGDHJ116899
Home/New/New-Drinkware/,GGOEGDHL116999
Home/New/New-Drinkware/,GGOEGDHQ127799
Home/New/New-Drinkware/,GGOEGDHR117099
Home/New/New-Drinkware/,GGOEGDWC122799
Home/New/New-Drinkware/,GGOEGDWP122699
Home/New/New-Drinkware/,GGOEGDWQ123399
Home/New/New-Drinkware/,GGOEYDHR117299
Home/New/New-Drinkware/,GGOEYDWB123299
Home/New/New-Office/,GGOEAOAL129199
Home/New/New-Office/,GGOEGOAC121399
Home/New/New-Office/,GGOEGOAC123799
Home/New/New-Office/,GGOEGOAH124099
Home/New/New-Office/,GGOEGOAH124199
Home/New/New-Office/,GGOEGOAN123899
Home/New/New-Office/,GGOEGOAP123999
Home/New/New-Office/,GGOEGOAQ121299
Home/New/New-Office/,GGOEGOAR124299
Home/New/New-Office/,GGOEGOCA121499
Home/New/New-Office/,GGOEGOCA121599
Home/New/New-Office/,GGOEGOCA121699
Home/New/New-Office/,GGOEGOCA121799
Home/New/New-Office/,GGOEYOCR125599
Home/Office/,GGOEAOAA101599
Home/Office/,GGOEAOAL129199
Home/Office/,GGOEAOCB092799
Home/Office/,GGOEAOCB092899
Home/Office/,GGOEAOCB100699
Home/Office/,GGOEGABB099199
Home/Office/,GGOEGABK101099
Home/Office/,GGOEGABL100799
Home/Office/,GGOEGCBQ098999
Home/Office/,GGOEGEBA101699
Home/Office/,GGOEGEGC099099
Home/Office/,GGOEGFKQ020399
Home/Office/,GGOEGGOA017399
Home/Office/,GGOEGOAA101199
Home/Office/,GGOEGOAB131499
Home/Office/,GGOEGOAC089999
Home/Office/,GGOEGOAC121399
Home/Office/,GGOEGOAC123799
Home/Office/,GGOEGOAD131399
Home/Office/,GGOEGOAH090199
Home/Office/,GGOEGOAH124099
Home/Office/,GGOEGOAH124199
Home/Office/,GGOEGOAJ101399
Home/Office/,GGOEGOAN123899
Home/Office/,GGOEGOAP123999
Home/Office/,GGOEGOAQ101299
Home/Office/,GGOEGOAQ121299
Home/Office/,GGOEGOAR013099
Home/Office/,GGOEGOAR090099
Home/Office/,GGOEGOAR124299
Home/Office/,GGOEGOAT090299
Home/Office/,GGOEGOCA121599
Home/Office/,GGOEGOCA121699
Home/Office/,GGOEGOCA121799
Home/Office/,GGOEGOCC100299
Home/Office/,GGOEGOCJ093999
Home/Office/,GGOEGOCK100599
Home/Office/,GGOEGOCL087799
Home/Office/,GGOEGOCL092999
Home/Office/,GGOEGOLC014299
Home/Office/,GGOEGOLJ137999
Home/Office/,GGOEYOAA101499
Home/Office/,GGOEYOCB092699
Home/Office/,GGOEYOCR125599
Home/Office/Miscellaneous/,GGOEGABB099199
Home/Office/Miscellaneous/,GGOEGABB100999
Home/Office/Miscellaneous/,GGOEGABJ099599
Home/Office/Miscellaneous/,GGOEGABK101099
Home/Office/Miscellaneous/,GGOEGABL100799
Home/Office/Miscellaneous/,GGOEGCBQ098999
Home/Office/Miscellaneous/,GGOEGEBA101699
Home/Office/Miscellaneous/,GGOEGEGC099099
Home/Office/Notebooks & Journals/,GGOEAOCB092799
Home/Office/Notebooks & Journals/,GGOEAOCB092899
Home/Office/Notebooks & Journals/,GGOEAOCB100699
Home/Office/Notebooks & Journals/,GGOEAOCQ100399
Home/Office/Notebooks & Journals/,GGOEAOLL130799
Home/Office/Notebooks & Journals/,GGOEGOCA121599
Home/Office/Notebooks & Journals/,GGOEGOCA121699
Home/Office/Notebooks & Journals/,GGOEGOCA121799
Home/Office/Notebooks & Journals/,GGOEGOCB017499
Home/Office/Notebooks & Journals/,GGOEGOCC100299
Home/Office/Notebooks & Journals/,GGOEGOCJ093999
Home/Office/Notebooks & Journals/,GGOEGOCK100599
Home/Office/Notebooks & Journals/,GGOEGOCL087799
Home/Office/Notebooks & Journals/,GGOEGOCL092999
Home/Office/Notebooks & Journals/,GGOEGOCT019199
Home/Office/Notebooks & Journals/,GGOEGOLC014299
Home/Office/Notebooks & Journals/,GGOEYOCB092699
Home/Office/Notebooks & Journals/,GGOEYOCB100499
Home/Office/Notebooks & Journals/,GGOEYOCR125599
Home/Office/Writing Instruments/,GGOEAOAA101599
Home/Office/Writing Instruments/,GGOEGGOA017399
Home/Office/Writing Instruments/,GGOEGOAA101199
Home/Office/Writing Instruments/,GGOEGOAB086399
Home/Office/Writing Instruments/,GGOEGOAC089999
Home/Office/Writing Instruments/,GGOEGOAC123799
Home/Office/Writing Instruments/,GGOEGOAH090199
Home/Office/Writing Instruments/,GGOEGOAH124099
Home/Office/Writing Instruments/,GGOEGOAH124199
Home/Office/Writing Instruments/,GGOEGOAJ086399
Home/Office/Writing Instruments/,GGOEGOAJ101399
Home/Office/Writing Instruments/,GGOEGOAN123899
Home/Office/Writing Instruments/,GGOEGOAP123999
Home/Office/Writing Instruments/,GGOEGOAQ101299
Home/Office/Writing Instruments/,GGOEGOAQ121299
Home/Office/Writing Instruments/,GGOEGOAR013099
Home/Office/Writing Instruments/,GGOEGOAR090099
Home/Office/Writing Instruments/,GGOEGOAR124299
Home/Office/Writing Instruments/,GGOEGOAT090299
Home/Office/Writing Instruments/,GGOEYOAA101499
Home/Sale/,GGOEAFBA115499
Home/Sale/,GGOEAFBA115599
Home/Sale/,GGOEAXXX1065
Home/Sale/,GGOEAXXX1127
Home/Sale/,GGOEAXXX1128
Home/Sale/,GGOEAXXX1129
Home/Sale/,GGOEAXXX1132
Home/Sale/,GGOEAXXX1205
Home/Sale/,GGOEGAEB105310
Home/Sale/,GGOEGBBD121999
Home/Sale/,GGOEGDWP122699
Home/Sale/,GGOEGXXX0903
Home/Sale/,GGOEGXXX0904
Home/Sale/,GGOEGXXX0905
Home/Sale/,GGOEGXXX0906
Home/Sale/,GGOEGXXX0907
Home/Sale/,GGOEGXXX0908
Home/Sale/,GGOEGXXX0910
Home/Sale/,GGOEGXXX0911
Home/Sale/,GGOEGXXX0912
Home/Sale/,GGOEGXXX0915
Home/Sale/,GGOEGXXX0917
Home/Sale/,GGOEGXXX0918
Home/Sale/,GGOEGXXX0919
Home/Sale/,GGOEGXXX1023
Home/Sale/,GGOEGXXX1043
Home/Sale/,GGOEGXXX1083
Home/Sale/,GGOEGXXX1084
Home/Sale/,GGOEGXXX1178
Home/Sale/,GGOEGXXX1195
Home/Sale/,GGOEGXXX1196
Home/Sale/,GGOEYXXX0895
Home/Sale/,GGOEYXXX0897
Home/Shop by Brand/,GGOEACBA116699
Home/Shop by Brand/,GGOEADHH117199
Home/Shop by Brand/,GGOEAFBA115399
Home/Shop by Brand/,GGOEAFBA115499
Home/Shop by Brand/,GGOEAFBA115599
Home/Shop by Brand/,GGOEAFKA087499
Home/Shop by Brand/,GGOEAFKA087599
Home/Shop by Brand/,GGOEAHBB102099
Home/Shop by Brand/,GGOEAHPB121010
Home/Shop by Brand/,GGOEAKDH019899
Home/Shop by Brand/,GGOEAOCQ100399
Home/Shop by Brand/,GGOEGBRJ114199
Home/Shop by Brand/,GGOEGDHB137399
Home/Shop by Brand/,GGOEGDHC098299
Home/Shop by Brand/,GGOEGDHJ136799
Home/Shop by Brand/,GGOEGDHL108599
Home/Shop by Brand/,GGOEGDHR098199
Home/Shop by Brand/,GGOEGDNQ138099
Home/Shop by Brand/,GGOEGDNR147599
Home/Shop by Brand/,GGOEGFKQ020399
Home/Shop by Brand/,GGOEGFKQ020799
Home/Shop by Brand/,GGOEGFSR022099
Home/Shop by Brand/,GGOEGGOA017399
Home/Shop by Brand/,GGOEGHBJ101899
Home/Shop by Brand/,GGOEGHGA118499
Home/Shop by Brand/,GGOEGHPB071610
Home/Shop by Brand/,GGOEGHPJ094299
Home/Shop by Brand/,GGOEGOAC121399
Home/Shop by Brand/,GGOEGOAJ101399
Home/Shop by Brand/,GGOEGOAQ101299
Home/Shop by Brand/,GGOEGOAR013099
Home/Shop by Brand/,GGOEGOCA121499
Home/Shop by Brand/,GGOEGOCT019199
Home/Shop by Brand/,GGOEGPJC019099
Home/Shop by Brand/,GGOEGXXX0918
Home/Shop by Brand/,GGOEGXXX1026
Home/Shop by Brand/,GGOEGXXX1109
Home/Shop by Brand/,GGOEWFKA082999
Home/Shop by Brand/,GGOEWFKA083099
Home/Shop by Brand/,GGOEWFKA083199
Home/Shop by Brand/,GGOEWFKA083299
Home/Shop by Brand/,GGOEYAEA105610
Home/Shop by Brand/,GGOEYCBR138999
Home/Shop by Brand/,GGOEYDHB086099
Home/Shop by Brand/,GGOEYDHB098499
Home/Shop by Brand/,GGOEYDHR117299
Home/Shop by Brand/,GGOEYDWB123299
Home/Shop by Brand/,GGOEYFKQ105899
Home/Shop by Brand/,GGOEYHBB102199
Home/Shop by Brand/,GGOEYHPB121110
Home/Shop by Brand/,GGOEYOAA101499
Home/Shop by Brand/,GGOEYOCB092699
Home/Shop by Brand/,GGOEYOCB100499
Home/Shop by Brand/,GGOEYOCR125599
Home/Shop by Brand/,GGOEYXXX0896
Home/Shop by Brand/,GGOEYXXX1207
Home/Shop by Brand/#IamRemarkable/,GGCOGBJC100999
Home/Shop by Brand/#IamRemarkable/,GGCOGCBC101399
Home/Shop by Brand/#IamRemarkable/,GGCOGDHC101099
Home/Shop by Brand/#IamRemarkable/,GGCOGOAC101259
Home/Shop by Brand/#IamRemarkable/,GGCOGOCC101199
Home/Shop by Brand/#IamRemarkable/,GGCOGXXX1006
Home/Shop by Brand/#IamRemarkable/,GGCOGXXX1007
Home/Shop by Brand/#IamRemarkable/,GGCOGXXX1008
Home/Shop by Brand/Android/,GGOEAAEJ105410
Home/Shop by Brand/Android/,GGOEAAEJ105510
Home/Shop by Brand/Android/,GGOEAAKQ137410
Home/Shop by Brand/Android/,GGOEABRB130499
Home/Shop by Brand/Android/,GGOEACBA104599
Home/Shop by Brand/Android/,GGOEACBA116699
Home/Shop by Brand/Android/,GGOEACBA128899
Home/Shop by Brand/Android/,GGOEADHB085999
Home/Shop by Brand/Android/,GGOEADHB086299
Home/Shop by Brand/Android/,GGOEADHB098899
Home/Shop by Brand/Android/,GGOEADHH117199
Home/Shop by Brand/Android/,GGOEADHQ098399
Home/Shop by Brand/Android/,GGOEADWJ108999
Home/Shop by Brand/Android/,GGOEAFBA115299
Home/Shop by Brand/Android/,GGOEAFBA115399
Home/Shop by Brand/Android/,GGOEAFBA115499
Home/Shop by Brand/Android/,GGOEAFBA115599
Home/Shop by Brand/Android/,GGOEAFBH111099
Home/Shop by Brand/Android/,GGOEAFKA087499
Home/Shop by Brand/Android/,GGOEAFKA087599
Home/Shop by Brand/Android/,GGOEAFKQ020499
Home/Shop by Brand/Android/,GGOEAFKQ130599
Home/Shop by Brand/Android/,GGOEAFKQ130699
Home/Shop by Brand/Android/,GGOEAHBB102099
Home/Shop by Brand/Android/,GGOEAHPB121010
Home/Shop by Brand/Android/,GGOEAKDH019899
Home/Shop by Brand/Android/,GGOEAOAA101599
Home/Shop by Brand/Android/,GGOEAOAL129199
Home/Shop by Brand/Android/,GGOEAOCB092799
Home/Shop by Brand/Android/,GGOEAOCB092899
Home/Shop by Brand/Android/,GGOEAOCB100699
Home/Shop by Brand/Android/,GGOEAXXX1128
Home/Shop by Brand/Google/,GGOEGABB100999
Home/Shop by Brand/Google/,GGOEGABJ099299
Home/Shop by Brand/Google/,GGOEGABJ125299
Home/Shop by Brand/Google/,GGOEGAEB105210
Home/Shop by Brand/Google/,GGOEGAEC134910
Home/Shop by Brand/Google/,GGOEGAED134810
Home/Shop by Brand/Google/,GGOEGAMQ088099
Home/Shop by Brand/Google/,GGOEGAPB087899
Home/Shop by Brand/Google/,GGOEGAPL087999
Home/Shop by Brand/Google/,GGOEGAXA123510
Home/Shop by Brand/Google/,GGOEGAXA123610
Home/Shop by Brand/Google/,GGOEGBBC122499
Home/Shop by Brand/Google/,GGOEGBBD121899
Home/Shop by Brand/Google/,GGOEGBBD121999
Home/Shop by Brand/Google/,GGOEGBBD122099
Home/Shop by Brand/Google/,GGOEGBJC122399
Home/Shop by Brand/Google/,GGOEGBJD122199
Home/Shop by Brand/Google/,GGOEGBJD122299
Home/Shop by Brand/Google/,GGOEGBJD140699
Home/Shop by Brand/Google/,GGOEGBJJ103599
Home/Shop by Brand/Google/,GGOEGBJJ103699
Home/Shop by Brand/Google/,GGOEGBJJ103799
Home/Shop by Brand/Google/,GGOEGBJK099999
Home/Shop by Brand/Google/,GGOEGBJQ125099
Home/Shop by Brand/Google/,GGOEGBRJ114199
Home/Shop by Brand/Google/,GGOEGCBA096099
Home/Shop by Brand/Google/,GGOEGCBA139099
Home/Shop by Brand/Google/,GGOEGCBA139299
Home/Shop by Brand/Google/,GGOEGCBC136599
Home/Shop by Brand/Google/,GGOEGCBQ098999
Home/Shop by Brand/Google/,GGOEGCKA126299
Home/Shop by Brand/Google/,GGOEGCKB140599
Home/Shop by Brand/Google/,GGOEGDHB107099
Home/Shop by Brand/Google/,GGOEGDHB108899
Home/Shop by Brand/Google/,GGOEGDHB137399
Home/Shop by Brand/Google/,GGOEGDHC087099
Home/Shop by Brand/Google/,GGOEGDHC098299
Home/Shop by Brand/Google/,GGOEGDHG133099
Home/Shop by Brand/Google/,GGOEGDHH087299
Home/Shop by Brand/Google/,GGOEGDHJ140199
Home/Shop by Brand/Google/,GGOEGDHL108599
Home/Shop by Brand/Google/,GGOEGDHQ127799
Home/Shop by Brand/Google/,GGOEGDHR086999
Home/Shop by Brand/Google/,GGOEGDHR098199
Home/Shop by Brand/Google/,GGOEGDHT087199
Home/Shop by Brand/Google/,GGOEGDNL108699
Home/Shop by Brand/Google/,GGOEGDNQ138099
Home/Shop by Brand/Google/,GGOEGDWD108799
Home/Shop by Brand/Google/,GGOEGDWQ087699
Home/Shop by Brand/Google/,GGOEGEGC099099
Home/Shop by Brand/Google/,GGOEGFKQ020399
Home/Shop by Brand/Google/,GGOEGFKQ020799
Home/Shop by Brand/Google/,GGOEGFSR022099
Home/Shop by Brand/Google/,GGOEGGOA017399
Home/Shop by Brand/Google/,GGOEGHBB101799
Home/Shop by Brand/Google/,GGOEGHBJ101899
Home/Shop by Brand/Google/,GGOEGHGA118499
Home/Shop by Brand/Google/,GGOEGHGA118599
Home/Shop by Brand/Google/,GGOEGHGA118699
Home/Shop by Brand/Google/,GGOEGHGH124899
Home/Shop by Brand/Google/,GGOEGHPB071610
Home/Shop by Brand/Google/,GGOEGHPB120910
Home/Shop by Brand/Google/,GGOEGHPC120810
Home/Shop by Brand/Google/,GGOEGHPH107210
Home/Shop by Brand/Google/,GGOEGHPJ094299
Home/Shop by Brand/Google/,GGOEGHPJ107510
Home/Shop by Brand/Google/,GGOEGHPL107710
Home/Shop by Brand/Google/,GGOEGHPR107110
Home/Shop by Brand/Google/,GGOEGHPR107610
Home/Shop by Brand/Google/,GGOEGHPR118810
Home/Shop by Brand/Google/,GGOEGOAA101199
Home/Shop by Brand/Google/,GGOEGOAC121399
Home/Shop by Brand/Google/,GGOEGOAC123799
Home/Shop by Brand/Google/,GGOEGOAH090199
Home/Shop by Brand/Google/,GGOEGOAH124099
Home/Shop by Brand/Google/,GGOEGOAH124199
Home/Shop by Brand/Google/,GGOEGOAJ101399
Home/Shop by Brand/Google/,GGOEGOAN123899
Home/Shop by Brand/Google/,GGOEGOAP123999
Home/Shop by Brand/Google/,GGOEGOAQ101299
Home/Shop by Brand/Google/,GGOEGOAQ121299
Home/Shop by Brand/Google/,GGOEGOAR013099
Home/Shop by Brand/Google/,GGOEGOAR090099
Home/Shop by Brand/Google/,GGOEGOAR124299
Home/Shop by Brand/Google/,GGOEGOCA121499
Home/Shop by Brand/Google/,GGOEGOCA121599
Home/Shop by Brand/Google/,GGOEGOCA121699
Home/Shop by Brand/Google/,GGOEGOCA121799
Home/Shop by Brand/Google/,GGOEGOCD131699
Home/Shop by Brand/Google/,GGOEGOCL087799
Home/Shop by Brand/Google/,GGOEGOCL092999
Home/Shop by Brand/Google/,GGOEGOCR132199
Home/Shop by Brand/Google/,GGOEGOCT019199
Home/Shop by Brand/Google/,GGOEGOLC014299
Home/Shop by Brand/Google/,GGOEGPJC019099
Home/Shop by Brand/Waze/,GGOEWFKA083099
Home/Shop by Brand/Waze/,GGOEWFKA083299
Home/Shop by Brand/YouTube/,GGOEGXXX0918
Home/Shop by Brand/YouTube/,GGOEGXXX0919
Home/Shop by Brand/YouTube/,GGOEYAEA105610
Home/Shop by Brand/YouTube/,GGOEYCBA128999
Home/Shop by Brand/YouTube/,GGOEYCBR138999
Home/Shop by Brand/YouTube/,GGOEYDHB086099
Home/Shop by Brand/YouTube/,GGOEYDHB098499
Home/Shop by Brand/YouTube/,GGOEYDHR117299
Home/Shop by Brand/YouTube/,GGOEYDWB123299
Home/Shop by Brand/YouTube/,GGOEYFKQ105899
Home/Shop by Brand/YouTube/,GGOEYHBB102199
Home/Shop by Brand/YouTube/,GGOEYHPB121110
Home/Shop by Brand/YouTube/,GGOEYOAA101499
Home/Shop by Brand/YouTube/,GGOEYOCB092699
Home/Shop by Brand/YouTube/,GGOEYOCB100499
Home/Shop by Brand/YouTube/,GGOEYOCR125599
Home/Shop by Brand/YouTube/,GGOEYXXX0895
Home/Shop by Brand/YouTube/,GGOEYXXX0896
Home/Shop by Brand/YouTube/,GGOEYXXX0897
Home/Shop by Brand/YouTube/,GGOEYXXX0937
Home/Shop by Brand/YouTube/,GGOEYXXX0938
Home/Shop by Brand/YouTube/,GGOEYXXX1202
Home/Shop by Brand/YouTube/,GGOEYXXX1203
Home/Shop by Brand/YouTube/,GGOEYXXX1207
Home/Stationery/,GGOEAFKQ130599
Home/Stationery/,GGOEGCKA126299
Home/Stationery/,GGOEGFKQ020399
Home/Stationery/,GGOEGGOA017399
Home/Stationery/,GGOEGOAC121399
Home/Stationery/,GGOEGOAC123799
Home/Stationery/,GGOEGOAH124099
Home/Stationery/,GGOEGOAH124199
Home/Stationery/,GGOEGOAJ101399
Home/Stationery/,GGOEGOAN123899
Home/Stationery/,GGOEGOAP123999
Home/Stationery/,GGOEGOAQ101299
Home/Stationery/,GGOEGOAQ121299
Home/Stationery/,GGOEGOAR124299
Home/Stationery/,GGOEGOAT090299
Home/Stationery/,GGOEGOCA121499
Home/Stationery/,GGOEGOCJ093999
Home/Stationery/,GGOEGOLA127599
Home/Stationery/,GGOEGOLC014299
Home/Stationery/,GGOEGOLJ137999
Home/Stationery/,GGOEYFKQ105899
Home/Stationery/,GGOEYOAA101499
Home/Stationery/Notebooks/,GGOEGOCA121499
Home/Stationery/Notebooks/,GGOEGOCA121699
Home/Stationery/Notebooks/,GGOEGOCJ093999
Home/Stationery/Notebooks/,GGOEGOCR132199
Home/Stationery/Notebooks/,GGOEGOLC014299
Home/Stationery/Notebooks/,GGOEYOCR125599
Home/Stationery/Stickers/,GGOEAFKA087599
Home/Stationery/Stickers/,GGOEAFKQ130699
Home/Stationery/Stickers/,GGOEGAKA126399
Home/Stationery/Stickers/,GGOEGCKA126299
Home/Stationery/Stickers/,GGOEGFKQ020399
Home/Stationery/Writing/,GGOEGGOA017399
Home/Stationery/Writing/,GGOEGOAA101199
Home/Stationery/Writing/,GGOEGOAC121399
Home/Stationery/Writing/,GGOEGOAC123799
Home/Stationery/Writing/,GGOEGOAH124099
Home/Stationery/Writing/,GGOEGOAH124199
Home/Stationery/Writing/,GGOEGOAJ101399
Home/Stationery/Writing/,GGOEGOAN123899
Home/Stationery/Writing/,GGOEGOAP123999
Home/Stationery/Writing/,GGOEGOAQ101299
Home/Stationery/Writing/,GGOEGOAQ121299
Home/Stationery/Writing/,GGOEGOAR124299
Kid's-Infant/,GGOEAXXX1301
Kid's-Infant/,GGOEGXXX0887
Kid's-Infant/,GGOEGXXX1135
Kid's-Infant/,GGOEYXXX0897
Kid's-Toddler/,GGOEGXXX1133
Kid's-Toddler/,GGOEYXXX0895
Kids-Youth/,GGOEGXXX1130
Kids-Youth/,GGOEGXXX1137
Kids-Youth/,GGOEGXXX1180
Lifestyle/,GGOEACBA116699
Lifestyle/,GGOEACBA128899
Lifestyle/,GGOEACBA129599
Lifestyle/,GGOEADHB129299
Lifestyle/,GGOEAFBA115499
Lifestyle/,GGOEAFBA115599
Lifestyle/,GGOEGABB099199
Lifestyle/,GGOEGABB100999
Lifestyle/,GGOEGABB137799
Lifestyle/,GGOEGABJ099299
Lifestyle/,GGOEGABJ099599
Lifestyle/,GGOEGABJ125299
Lifestyle/,GGOEGABK101099
Lifestyle/,GGOEGABL100799
Lifestyle/,GGOEGAKA126399
Lifestyle/,GGOEGBGJ132699
Lifestyle/,GGOEGBJJ099499
Lifestyle/,GGOEGBJJ099699
Lifestyle/,GGOEGBJJ103799
Lifestyle/,GGOEGBRJ114199
Lifestyle/,GGOEGBRL124699
Lifestyle/,GGOEGCBA096099
Lifestyle/,GGOEGCBA105099
Lifestyle/,GGOEGCBA139199
Lifestyle/,GGOEGCBC136599
Lifestyle/,GGOEGCBD142099
Lifestyle/,GGOEGCBD142199
Lifestyle/,GGOEGCBD142299
Lifestyle/,GGOEGCBH136399
Lifestyle/,GGOEGCBR136499
Lifestyle/,GGOEGCBT136699
Lifestyle/,GGOEGCKD141999
Lifestyle/,GGOEGDBJ132299
Lifestyle/,GGOEGDHB108899
Lifestyle/,GGOEGDHB137399
Lifestyle/,GGOEGDHC098799
Lifestyle/,GGOEGDHG133099
Lifestyle/,GGOEGDHL108599
Lifestyle/,GGOEGEBA101699
Lifestyle/,GGOEGFSR022099
Lifestyle/,GGOEYCBR138999
Lifestyle/,GGOEYDHB086099
Lifestyle/,GGOEYDWB123299
Lifestyle/Bags/,GGOEABRB130499
Lifestyle/Bags/,GGOEGABJ099599
Lifestyle/Bags/,GGOEGBBC122499
Lifestyle/Bags/,GGOEGBBD121899
Lifestyle/Bags/,GGOEGBBD121999
Lifestyle/Bags/,GGOEGBBD122099
Lifestyle/Bags/,GGOEGBBJ131999
Lifestyle/Bags/,GGOEGBJA127699
Lifestyle/Bags/,GGOEGBJB099799
Lifestyle/Bags/,GGOEGBJB125799
Lifestyle/Bags/,GGOEGBJC100199
Lifestyle/Bags/,GGOEGBJC122399
Lifestyle/Bags/,GGOEGBJC137099
Lifestyle/Bags/,GGOEGBJD122199
Lifestyle/Bags/,GGOEGBJD122299
Lifestyle/Bags/,GGOEGBJJ099499
Lifestyle/Bags/,GGOEGBJJ099699
Lifestyle/Bags/,GGOEGBJJ103799
Lifestyle/Bags/,GGOEGBJQ125099
Lifestyle/Bags/,GGOEGBJR100099
Lifestyle/Bags/,GGOEGBRJ114199
Lifestyle/Bags/,GGOEGBRL124699
Lifestyle/Drinkware/,GGCOGDHC101099
Lifestyle/Drinkware/,GGOEADHB129299
Lifestyle/Drinkware/,GGOEADHH117199
Lifestyle/Drinkware/,GGOEADHH129499
Lifestyle/Drinkware/,GGOEADWJ129399
Lifestyle/Drinkware/,GGOEGDBD132099
Lifestyle/Drinkware/,GGOEGDBJ132299
Lifestyle/Drinkware/,GGOEGDBJ132399
Lifestyle/Drinkware/,GGOEGDHB108899
Lifestyle/Drinkware/,GGOEGDHB137399
Lifestyle/Drinkware/,GGOEGDHC098299
Lifestyle/Drinkware/,GGOEGDHC098799
Lifestyle/Drinkware/,GGOEGDHJ116899
Lifestyle/Drinkware/,GGOEGDHJ136799
Lifestyle/Drinkware/,GGOEGDHL108599
Lifestyle/Drinkware/,GGOEGDHL116999
Lifestyle/Drinkware/,GGOEGDHQ093399
Lifestyle/Drinkware/,GGOEGDHQ127799
Lifestyle/Drinkware/,GGOEGDHR098199
Lifestyle/Drinkware/,GGOEGDNC147699
Lifestyle/Drinkware/,GGOEGDNL108699
Lifestyle/Drinkware/,GGOEGDNQ138099
Lifestyle/Drinkware/,GGOEGDNR147599
Lifestyle/Drinkware/,GGOEGDWC122799
Lifestyle/Drinkware/,GGOEGDWD108799
Lifestyle/Drinkware/,GGOEGDWH127899
Lifestyle/Drinkware/,GGOEGDWQ087699
Lifestyle/Drinkware/,GGOEGDWQ123399
Lifestyle/Drinkware/,GGOEYDHB086099
Lifestyle/Drinkware/,GGOEYDHB098499
Lifestyle/Drinkware/,GGOEYDHR117299
Lifestyle/Drinkware/,GGOEYDWB123299
Lifestyle/Small Goods/,GGOEACBA116699
Lifestyle/Small Goods/,GGOEACBA128899
Lifestyle/Small Goods/,GGOEACBA129599
Lifestyle/Small Goods/,GGOEAFBA115299
Lifestyle/Small Goods/,GGOEAFBA115499
Lifestyle/Small Goods/,GGOEGABB099199
Lifestyle/Small Goods/,GGOEGABB100999
Lifestyle/Small Goods/,GGOEGABB137799
Lifestyle/Small Goods/,GGOEGABJ099599
Lifestyle/Small Goods/,GGOEGABJ125299
Lifestyle/Small Goods/,GGOEGABK101099
Lifestyle/Small Goods/,GGOEGABL100799
Lifestyle/Small Goods/,GGOEGBGJ132699
Lifestyle/Small Goods/,GGOEGBJJ099499
Lifestyle/Small Goods/,GGOEGCBA096099
Lifestyle/Small Goods/,GGOEGCBA105099
Lifestyle/Small Goods/,GGOEGCBC136599
Lifestyle/Small Goods/,GGOEGCBH136399
Lifestyle/Small Goods/,GGOEGCBR136499
Lifestyle/Small Goods/,GGOEGCBT136699
Lifestyle/Small Goods/,GGOEGCVA125199
Lifestyle/Small Goods/,GGOEGEBA101699
Lifestyle/Small Goods/,GGOEGFSR022099
Lifestyle/Small Goods/,GGOEGPJC019099
Men's T-Shirts/,GGOEAXXX1101
Men's T-Shirts/,GGOEAXXX1192
Men's T-Shirts/,GGOEAXXX1296
Men's T-Shirts/,GGOEAXXX1297
Men's T-Shirts/,GGOEGXXX0903
Men's T-Shirts/,GGOEGXXX0904
Men's T-Shirts/,GGOEGXXX0905
Men's T-Shirts/,GGOEGXXX0906
Men's T-Shirts/,GGOEGXXX0907
Men's T-Shirts/,GGOEGXXX0908
Men's T-Shirts/,GGOEGXXX0918
Men's T-Shirts/,GGOEGXXX1023
Men's T-Shirts/,GGOEGXXX1030
Men's T-Shirts/,GGOEGXXX1038
Men's T-Shirts/,GGOEGXXX1039
Men's T-Shirts/,GGOEGXXX1042
Men's T-Shirts/,GGOEGXXX1043
Men's T-Shirts/,GGOEGXXX1100
Men's T-Shirts/,GGOEGXXX1173
Men's T-Shirts/,GGOEGXXX1174
Men's T-Shirts/,GGOEGXXX1175
Men's T-Shirts/,GGOEGXXX1176
Men's T-Shirts/,GGOEGXXX1177
Men's T-Shirts/,GGOEGXXX1189
Men's T-Shirts/,GGOEGXXX1193
Men's T-Shirts/,GGOEGXXX1195
Men's T-Shirts/,GGOEGXXX1196
Men's T-Shirts/,GGOEGXXX1197
Men's T-Shirts/,GGOEGXXX1198
Men's T-Shirts/,GGOEGXXX1253
Men's T-Shirts/,GGOEGXXX1264
Men's T-Shirts/,GGOEGXXX1266
Men's T-Shirts/,GGOEGXXX1267
Men's T-Shirts/,GGOEGXXX1268
Men's T-Shirts/,GGOEGXXX1270
Men's T-Shirts/,GGOEGXXX1271
Men's T-Shirts/,GGOEGXXX1343
Men's T-Shirts/,GGOEGXXX1344
Men's T-Shirts/,GGOEGXXX1345
Men's T-Shirts/,GGOEYXXX1202
Men's T-Shirts/,GGOEYXXX1203
Men's Warm Gear/,GGOEGXXX0911
Men's Warm Gear/,GGOEGXXX0962
Men's Warm Gear/,GGOEGXXX1081
Men's Warm Gear/,GGOEGXXX1109
Mugs & Tumblers/,GGOEADWJ129399
Mugs & Tumblers/,GGOEGDBJ132299
Mugs & Tumblers/,GGOEGDBJ132399
Mugs & Tumblers/,GGOEGDHC098799
Mugs & Tumblers/,GGOEGDHG133099
Mugs & Tumblers/,GGOEGDNL108699
Mugs & Tumblers/,GGOEGDWC122799
Mugs & Tumblers/,GGOEGDWD108799
Mugs & Tumblers/,GGOEGDWH127899
Mugs & Tumblers/,GGOEGDWJ132899
Mugs & Tumblers/,GGOEGDWQ087699
Mugs & Tumblers/,GGOEGDWQ123399
Mugs & Tumblers/,GGOEYDWB123299
Office/,GGOEAOAL129199
Office/,GGOEAOLL130799
Office/,GGOEGABB100999
Office/,GGOEGABJ099599
Office/,GGOEGABK101099
Office/,GGOEGABL100799
Office/,GGOEGFKQ020399
Office/,GGOEGGOA017399
Office/,GGOEGOAB131499
Office/,GGOEGOAC121399
Office/,GGOEGOAC123799
Office/,GGOEGOAH124099
Office/,GGOEGOAH124199
Office/,GGOEGOAH131599
Office/,GGOEGOAJ101399
Office/,GGOEGOAN123899
Office/,GGOEGOAP123999
Office/,GGOEGOAQ101299
Office/,GGOEGOAQ121299
Office/,GGOEGOAR013099
Office/,GGOEGOAT090299
Office/,GGOEGOCA121599
Office/,GGOEGOCA121699
Office/,GGOEGOCA121799
Office/,GGOEGOCB131799
Office/,GGOEGOCD131699
Office/,GGOEGOCJ093999
Office/,GGOEGOCK100599
Office/,GGOEGOCL087799
Office/,GGOEGOLA127499
Office/,GGOEGOLA127599
Office/,GGOEGOLC014299
Office/,GGOEYOAA101499
Office/,GGOEYOCR125599
Shopping and Totes/,GGOEGBJB125799
Shopping and Totes/,GGOEGBJC122399
Shopping and Totes/,GGOEGBJD122199
Shopping and Totes/,GGOEGBJD122299
Shopping and Totes/,GGOEGBJQ125099
Water Bottles/,GGOEADHB129299
Water Bottles/,GGOEADHH117199
Water Bottles/,GGOEGDHB108899
Water Bottles/,GGOEGDHB137399
Water Bottles/,GGOEGDHC098299
Water Bottles/,GGOEGDHJ116899
Water Bottles/,GGOEGDHJ136799
Water Bottles/,GGOEGDHL116999
Water Bottles/,GGOEGDHQ093399
Water Bottles/,GGOEGDHQ127799
Water Bottles/,GGOEGDHR098199
Water Bottles/,GGOEYDHB086099
Water Bottles/,GGOEYDHB098499
Waze/,GGOEWFKA082999
Women's T-Shirts/,GGOEGXXX0903
Women's T-Shirts/,GGOEGXXX0906
Women's T-Shirts/,GGOEGXXX0908
Women's T-Shirts/,GGOEGXXX1174
Women's T-Shirts/,GGOEGXXX1176
Women's T-Shirts/,GGOEGXXX1265